{
    "name": "root",
    "gauges": {
        "Car.Policy.Entropy.mean": {
            "value": 1.428681492805481,
            "min": 1.4077467918395996,
            "max": 1.428681492805481,
            "count": 16
        },
        "Car.Policy.ExtrinsicValueEstimate.mean": {
            "value": 0.05842825397849083,
            "min": -0.20929260551929474,
            "max": 0.05842825397849083,
            "count": 16
        },
        "Car.Environment.EpisodeLength.mean": {
            "value": 979.75,
            "min": 216.5,
            "max": 1291.8,
            "count": 16
        },
        "Car.Environment.CumulativeReward.mean": {
            "value": -0.4949999932199717,
            "min": -0.9477272710170258,
            "max": -0.24999998935631343,
            "count": 16
        },
        "Car.Policy.ExtrinsicReward.mean": {
            "value": -0.4949999932199717,
            "min": -0.9477272710170258,
            "max": -0.24999998935631343,
            "count": 16
        },
        "Car.Losses.ValueLoss.mean": {
            "value": 0.0036257528699934483,
            "min": 0.0026858097407966852,
            "max": 0.017010118812322617,
            "count": 16
        },
        "Car.Losses.PolicyLoss.mean": {
            "value": 0.02251751534640789,
            "min": 0.022275134921073914,
            "max": 0.06420683860778809,
            "count": 16
        },
        "Car.Policy.LearningRate.mean": {
            "value": 0.00028141163056716323,
            "min": 0.00028141163056716323,
            "max": 0.0002993959642481059,
            "count": 16
        },
        "Car.Policy.Epsilon.mean": {
            "value": 0.19380386173725128,
            "min": 0.19380386173725128,
            "max": 0.19979865849018097,
            "count": 16
        },
        "Car.Policy.Beta.mean": {
            "value": 0.004690813831984997,
            "min": 0.004690813831984997,
            "max": 0.004989952780306339,
            "count": 16
        },
        "Car.IsTraining.mean": {
            "value": 1.0,
            "min": 1.0,
            "max": 1.0,
            "count": 16
        }
    },
    "metadata": {
        "timer_format_version": "0.1.0",
        "start_time_seconds": "1605278836",
        "python_version": "3.7.9 (tags/v3.7.9:13c94747c7, Aug 17 2020, 18:58:18) [MSC v.1900 64 bit (AMD64)]",
        "command_line_arguments": "D:\\Projekty\\Unity\\aicitysimulation\\venv\\Scripts\\mlagents-learn config\\car_config.yaml --run-id=DriveToTarget_onStreet_PC_ppo_9 --train --time-scale=5",
        "mlagents_version": "0.21.1",
        "mlagents_envs_version": "0.21.1",
        "communication_protocol_version": "1.2.0",
        "tensorflow_version": "2.3.1",
        "numpy_version": "1.19.3",
        "end_time_seconds": "1605279762"
    },
    "total": 925.8614482,
    "count": 1,
    "self": 0.1145733000000746,
    "children": {
        "run_training.setup": {
            "total": 0.013527199999999961,
            "count": 1,
            "self": 0.013527199999999961
        },
        "TrainerController.start_learning": {
            "total": 925.7333477,
            "count": 1,
            "self": 3.6737320000146383,
            "children": {
                "TrainerController._reset_env": {
                    "total": 23.3412011,
                    "count": 1,
                    "self": 23.3412011
                },
                "TrainerController.advance": {
                    "total": 897.4439627999853,
                    "count": 107791,
                    "self": 1.8722660999911795,
                    "children": {
                        "env_step": {
                            "total": 895.5716966999942,
                            "count": 107791,
                            "self": 774.1077826000061,
                            "children": {
                                "SubprocessEnvManager._take_step": {
                                    "total": 119.76157169999806,
                                    "count": 107791,
                                    "self": 4.069165200003425,
                                    "children": {
                                        "TFPolicy.evaluate": {
                                            "total": 115.69240649999463,
                                            "count": 107791,
                                            "self": 115.69240649999463
                                        }
                                    }
                                },
                                "workers": {
                                    "total": 1.7023423999900267,
                                    "count": 107790,
                                    "self": 0.0,
                                    "children": {
                                        "worker_root": {
                                            "total": 900.0185017000033,
                                            "count": 107790,
                                            "is_parallel": true,
                                            "self": 247.6402608999996,
                                            "children": {
                                                "steps_from_proto": {
                                                    "total": 0.0005045000000016842,
                                                    "count": 1,
                                                    "is_parallel": true,
                                                    "self": 0.00013370000000278992,
                                                    "children": {
                                                        "_process_vector_observation": {
                                                            "total": 0.00037079999999889424,
                                                            "count": 6,
                                                            "is_parallel": true,
                                                            "self": 0.00037079999999889424
                                                        }
                                                    }
                                                },
                                                "UnityEnvironment.step": {
                                                    "total": 652.3777363000037,
                                                    "count": 107790,
                                                    "is_parallel": true,
                                                    "self": 11.303597000020545,
                                                    "children": {
                                                        "UnityEnvironment._generate_step_input": {
                                                            "total": 9.663618399998818,
                                                            "count": 107790,
                                                            "is_parallel": true,
                                                            "self": 9.663618399998818
                                                        },
                                                        "communicator.exchange": {
                                                            "total": 584.8349300999854,
                                                            "count": 107790,
                                                            "is_parallel": true,
                                                            "self": 584.8349300999854
                                                        },
                                                        "steps_from_proto": {
                                                            "total": 46.57559079999899,
                                                            "count": 107790,
                                                            "is_parallel": true,