{
    "name": "root",
    "metadata": {
        "timer_format_version": "0.1.0",
        "start_time_seconds": "1606168174",
        "python_version": "3.7.9 (tags/v3.7.9:13c94747c7, Aug 17 2020, 18:58:18) [MSC v.1900 64 bit (AMD64)]",
        "command_line_arguments": "D:\\Projekty\\Unity\\aicitysimulation\\venv\\Scripts\\mlagents-learn config\\car_config.yaml --run-id=DriveToTarget_onStreet_PC_City_ppo_6 --train",
        "mlagents_version": "0.21.1",
        "mlagents_envs_version": "0.21.1",
        "communication_protocol_version": "1.2.0",
        "tensorflow_version": "2.3.1",
        "numpy_version": "1.19.3",
        "end_time_seconds": "1606168194"
    },
    "total": 20.2113112,
    "count": 1,
    "self": 0.005859000000000947,
    "children": {
        "run_training.setup": {
            "total": 0.026095999999999897,
            "count": 1,
            "self": 0.026095999999999897
        },
        "TrainerController.start_learning": {
            "total": 20.1793562,
            "count": 1,
            "self": 0.019799399999961054,
            "children": {
                "TrainerController._reset_env": {
                    "total": 13.142965,
                    "count": 1,
                    "self": 13.142965
                },
                "TrainerController.advance": {
                    "total": 6.196227600000036,
                    "count": 556,
                    "self": 0.00829570000002633,
                    "children": {
                        "env_step": {
                            "total": 6.1879319000000095,
                            "count": 556,
                            "self": 5.505536699999979,
                            "children": {
                                "SubprocessEnvManager._take_step": {
                                    "total": 0.6751987999999933,
                                    "count": 556,
                                    "self": 0.01848569999991767,
                                    "children": {
                                        "TFPolicy.evaluate": {
                                            "total": 0.6567131000000757,
                                            "count": 537,
                                            "self": 0.6567131000000757
                                        }
                                    }
                                },
                                "workers": {
                                    "total": 0.007196400000037073,
                                    "count": 555,
                                    "self": 0.0,
                                    "children": {
                                        "worker_root": {
                                            "total": 8.35818079999996,
                                            "count": 555,
                                            "is_parallel": true,
                                            "self": 3.4518163999999754,
                                            "children": {
                                                "steps_from_proto": {
                                                    "total": 0.0006715000000010463,
                                                    "count": 1,
                                                    "is_parallel": true,
                                                    "self": 0.00014060000000348793,
                                                    "children": {
                                                        "_process_vector_observation": {
                                                            "total": 0.0005308999999975583,
                                                            "count": 6,
                                                            "is_parallel": true,
                                                            "self": 0.0005308999999975583
                                                        }
                                                    }
                                                },
                                                "UnityEnvironment.step": {
                                                    "total": 4.905692899999984,
                                                    "count": 555,
                                                    "is_parallel": true,
                                                    "self": 0.07285079999996746,
                                                    "children": {
                                                        "UnityEnvironment._generate_step_input": {
                                                            "total": 0.059042500000018094,
                                                            "count": 555,
                                                            "is_parallel": true,
                                                            "self": 0.059042500000018094
                                                        },
                                                        "communicator.exchange": {
                                                            "total": 4.461414200000009,
                                                            "count": 555,
                                                            "is_parallel": true,
                                                            "self": 4.461414200000009
                                                        },
                                                        "steps_from_proto": {
                                                            "total": 0.3123853999999895,
                                                            "count": 555,
                                                            "is_parallel": true,
                                                            "self": 0.0634667000000082,
                                                            "children": {
                                                                "_process_vector_observation": {
                                                                    "total": 0.24891869999998129,
                                                                    "count": 3330,
                                                                    "is_parallel": true,
                                                                    "self": 0.24891869999998129
                                                                }
                                                            }
                                                        }
                                                    }
                                                }
                                            }
                                        }
                                    }
                                }
                            }
                        }
                    }
                },
                "trainer_threads": {
                    "total": 6.610000000151217e-05,
                    "count": 1,
                    "self": 6.610000000151217e-05,
                    "children": {
                        "thread_root": {
                            "total": 0.0,
                            "count": 0,
                            "is_parallel": true,
                            "self": 0.0,
                            "children": {
                                "trainer_advance": {
                                    "total": 6.2079784000000515,
                                    "count": 391,
                                    "is_parallel": true,
                                    "self": 0.020805300000002802,
                                    "children": {
                                        "process_trajectory": {
                                            "total": 6.187173100000049,
                                            "count": 391,