{
    "name": "root",
    "gauges": {
        "Car.Policy.Entropy.mean": {
            "value": 1.3790309429168701,
            "min": 1.37070894241333,
            "max": 1.4077824354171753,
            "count": 4
        },
        "Car.Environment.EpisodeLength.mean": {
            "value": 32.685584562996596,
            "min": 32.685584562996596,
            "max": 94.48606811145511,
            "count": 4
        },
        "Car.Policy.ExtrinsicValueEstimate.mean": {
            "value": 0.5296791791915894,
            "min": -0.11095269024372101,
            "max": 0.5296791791915894,
            "count": 4
        },
        "Car.Environment.CumulativeReward.mean": {
            "value": 0.590443686006826,
            "min": 0.054313099041533544,
            "max": 0.590443686006826,
            "count": 4
        },
        "Car.Policy.ExtrinsicReward.mean": {
            "value": 0.590443686006826,
            "min": 0.054313099041533544,
            "max": 0.590443686006826,
            "count": 4
        },
        "Car.Losses.PolicyLoss.mean": {
            "value": 0.24278316216225046,
            "min": 0.23518153232316763,
            "max": 0.24278316216225046,
            "count": 4
        },
        "Car.Losses.ValueLoss.mean": {
            "value": 0.008521632352193399,
            "min": 0.0009506241986254357,
            "max": 0.030495737798527062,
            "count": 4
        },
        "Car.Policy.LearningRate.mean": {
            "value": 0.00029996827321739376,
            "min": 0.00029996827321739376,
            "max": 0.0002999960203325765,
            "count": 4
        },
        "Car.Policy.Epsilon.mean": {
            "value": 0.19998942440227274,
            "min": 0.19998942440227274,
            "max": 0.19999867344375,
            "count": 4
        },
        "Car.Policy.Beta.mean": {
            "value": 0.004999472277673409,
            "min": 0.004999472277673409,
            "max": 0.004999933804843125,
            "count": 4
        },
        "Car.IsTraining.mean": {
            "value": 1.0,
            "min": 1.0,
            "max": 1.0,
            "count": 4
        }
    },
    "metadata": {
        "timer_format_version": "0.1.0",
        "start_time_seconds": "1609441074",
        "python_version": "3.7.9 (tags/v3.7.9:13c94747c7, Aug 17 2020, 18:58:18) [MSC v.1900 64 bit (AMD64)]",
        "command_line_arguments": "D:\\Projekty\\Unity\\aicitysimulation\\venv\\Scripts\\mlagents-learn config\\car_config.yaml --run-id=drive_to_target_1 --force",
        "mlagents_version": "0.23.0",
        "mlagents_envs_version": "0.23.0",
        "communication_protocol_version": "1.3.0",
        "pytorch_version": "1.7.1+cu110",
        "numpy_version": "1.18.5",
        "end_time_seconds": "1609441686"
    },
    "total": 611.4849195999999,
    "count": 1,
    "self": 0.058647299999847746,
    "children": {
        "run_training.setup": {
            "total": 0.06686869999999967,
            "count": 1,
            "self": 0.06686869999999967
        },
        "TrainerController.start_learning": {
            "total": 611.3594036000001,
            "count": 1,
            "self": 1.6284544999977015,
            "children": {
                "TrainerController._reset_env": {
                    "total": 13.8508462,
                    "count": 1,
                    "self": 13.8508462
                },
                "TrainerController.advance": {
                    "total": 595.7195906000024,
                    "count": 20257,
                    "self": 0.3668447000040942,
                    "children": {
                        "env_step": {
                            "total": 595.3527458999984,
                            "count": 20257,
                            "self": 532.5836744000064,
                            "children": {
                                "SubprocessEnvManager._take_step": {
                                    "total": 62.42534399999609,
                                    "count": 20257,
                                    "self": 1.4717004999924228,
                                    "children": {
                                        "TorchPolicy.evaluate": {
                                            "total": 60.953643500003665,
                                            "count": 17966,
                                            "self": 19.949148600005124,
                                            "children": {
                                                "TorchPolicy.sample_actions": {
                                                    "total": 41.00449489999854,
                                                    "count": 17966,
                                                    "self": 41.00449489999854
                                                }
                                            }
                                        }
                                    }
                                },
                                "workers": {
                                    "total": 0.3437274999958362,
                                    "count": 20257,
                                    "self": 0.0,
                                    "children": {
                                        "worker_root": {
                                            "total": 596.7996784000007,
                                            "count": 20257,
                                            "is_parallel": true,
                                            "self": 410.47022390000086,
                                            "children": {
                                                "steps_from_proto": {
                                                    "total": 0.0008040999999998633,
                                                    "count": 1,
                                                    "is_parallel": true,
                                                    "self": 0.00010819999999611696,
                                                    "children": {
                                                        "_process_vector_observation": {
                                                            "total": 0.0006959000000037463,
                                                            "count": 6,
                                                            "is_parallel": true,
                                                            "self": 0.0006959000000037463
                                                        }
                                                    }
                                                },
                                                "UnityEnvironment.step": {
                                                    "total": 186.3286503999999,
                                                    "count": 20257,
                                                    "is_parallel": true,
                                                    "self": 3.7057772999946224,
                                                    "children": {
                                                        "UnityEnvironment._generate_step_input": {
                                                            "total": 3.8289945000035193,
                                                            "count": 20257,
                                                            "is_parallel": true,
                                                            "self": 3.8289945000035193
                                                        },
                                                        "communicator.exchange": {
                                                            "total": 165.62251659999924,
                                                            "count": 20257,
                                                            "is_parallel": true,