{
    "name": "root",
    "gauges": {
        "Car.Policy.Entropy.mean": {
            "value": 1.4112311601638794,
            "min": 1.4011342525482178,
            "max": 1.419714331626892,
            "count": 32
        },
        "Car.Environment.EpisodeLength.mean": {
            "value": 365.39622641509436,
            "min": 128.5,
            "max": 1621.7272727272727,
            "count": 32
        },
        "Car.Policy.ExtrinsicValueEstimate.mean": {
            "value": 0.17560969293117523,
            "min": -0.23168203234672546,
            "max": 0.2479982227087021,
            "count": 32
        },
        "Car.Environment.CumulativeReward.mean": {
            "value": 0.5104339858121678,
            "min": -1.0844274137278027,
            "max": 2.9295456852255897,
            "count": 32
        },
        "Car.Policy.ExtrinsicReward.mean": {
            "value": 0.5104339858121678,
            "min": -1.0844274137278027,
            "max": 2.9295456852255897,
            "count": 32
        },
        "Car.Losses.ValueLoss.mean": {
            "value": 0.012481024488806725,
            "min": 0.004600021056830883,
            "max": 0.07300679385662079,
            "count": 32
        },
        "Car.Losses.PolicyLoss.mean": {
            "value": 0.03762523829936981,
            "min": 0.027522893622517586,
            "max": 0.07454761862754822,
            "count": 32
        },
        "Car.Policy.LearningRate.mean": {
            "value": 0.00026218517450615764,
            "min": 0.00026218517450615764,
            "max": 0.0002993635425809771,
            "count": 32
        },
        "Car.Policy.Epsilon.mean": {
            "value": 0.18739505112171173,
            "min": 0.18739505112171173,
            "max": 0.19978784024715424,
            "count": 32
        },
        "Car.Policy.Beta.mean": {
            "value": 0.004371012095361948,
            "min": 0.004371012095361948,
            "max": 0.004989413544535637,
            "count": 32
        },
        "Car.IsTraining.mean": {
            "value": 1.0,
            "min": 1.0,
            "max": 1.0,
            "count": 32
        }
    },
    "metadata": {
        "timer_format_version": "0.1.0",
        "start_time_seconds": "1605542100",
        "python_version": "3.7.9 (tags/v3.7.9:13c94747c7, Aug 17 2020, 18:58:18) [MSC v.1900 64 bit (AMD64)]",
        "command_line_arguments": "D:\\Projekty\\Unity\\aicitysimulation\\venv\\Scripts\\mlagents-learn config\\car_config.yaml --run-id=DriveToTarget_onStreet_PC_City_sac_16 --train --time-scale=40 --force",
        "mlagents_version": "0.21.1",
        "mlagents_envs_version": "0.21.1",
        "communication_protocol_version": "1.2.0",
        "tensorflow_version": "2.3.1",
        "numpy_version": "1.19.3",
        "end_time_seconds": "1605542751"
    },
    "total": 650.8056715,
    "count": 1,
    "self": 0.0049947999999631065,
    "children": {
        "run_training.setup": {
            "total": 0.01039879999999993,
            "count": 1,
            "self": 0.01039879999999993
        },
        "TrainerController.start_learning": {
            "total": 650.7902779000001,
            "count": 1,
            "self": 0.6165982000052281,
            "children": {
                "TrainerController._reset_env": {
                    "total": 16.1415588,
                    "count": 1,
                    "self": 16.1415588
                },
                "TrainerController.advance": {
                    "total": 633.265393499995,
                    "count": 18883,
                    "self": 0.30347899999742367,
                    "children": {
                        "env_step": {
                            "total": 632.9619144999975,
                            "count": 18883,
                            "self": 605.9090918999979,
                            "children": {
                                "SubprocessEnvManager._take_step": {
                                    "total": 26.752455600001646,
                                    "count": 18883,
                                    "self": 1.2513747999980325,
                                    "children": {
                                        "TFPolicy.evaluate": {
                                            "total": 25.501080800003614,
                                            "count": 18034,
                                            "self": 25.501080800003614
                                        }
                                    }
                                },
                                "workers": {
                                    "total": 0.3003669999980083,
                                    "count": 18882,
                                    "self": 0.0,
                                    "children": {
                                        "worker_root": {
                                            "total": 635.2653069000057,
                                            "count": 18882,
                                            "is_parallel": true,
                                            "self": 77.0672328000054,
                                            "children": {
                                                "steps_from_proto": {
                                                    "total": 0.001969700000000074,
                                                    "count": 1,
                                                    "is_parallel": true,
                                                    "self": 0.00015960000000170282,
                                                    "children": {
                                                        "_process_vector_observation": {
                                                            "total": 0.0018100999999983713,
                                                            "count": 6,
                                                            "is_parallel": true,
                                                            "self": 0.0018100999999983713
                                                        }
                                                    }
                                                },
                                                "UnityEnvironment.step": {
                                                    "total": 558.1961044000003,
                                                    "count": 18882,
                                                    "is_parallel": true,
                                                    "self": 7.5537593999926,
                                                    "children": {
                                                        "UnityEnvironment._generate_step_input": {
                                                            "total": 6.929824699997379,
                                                            "count": 18882,
                                                            "is_parallel": true,
                                                            "self": 6.929824699997379
                                                        },
                                                        "communicator.exchange": {
                                                            "total": 509.05239380000404,
                                                            "count": 18882,
                                                            "is_parallel": true,
                                                            "self": 509.05239380000404
                                                        },
                                                        "steps_from_proto": {
                                                            "total": 34.66012650000626,
                                                            "count": 18882,
                                                            "is_parallel": true,