{
    "name": "root",
    "gauges": {
        "Car.Policy.Entropy.mean": {
            "value": -0.6588778495788574,
            "min": -1.1043723821640015,
            "max": 1.4305611848831177,
            "count": 568
        },
        "Car.Policy.ExtrinsicValueEstimate.mean": {
            "value": 0.07963335514068604,
            "min": -0.8554641008377075,
            "max": 1.3507636785507202,
            "count": 568
        },
        "Car.Losses.ValueLoss.mean": {
            "value": 0.0002885181165765971,
            "min": 7.225532172583371e-09,
            "max": 4.080112934112549,
            "count": 568
        },
        "Car.Losses.PolicyLoss.mean": {
            "value": 0.3560486435890198,
            "min": 0.2350659817457199,
            "max": 0.3560486435890198,
            "count": 568
        },
        "Car.Policy.LearningRate.mean": {
            "value": 0.0001297433627769351,
            "min": 0.0001297433627769351,
            "max": 0.0002998041163664311,
            "count": 568
        },
        "Car.Policy.Epsilon.mean": {
            "value": 0.14324775338172913,
            "min": 0.14324775338172913,
            "max": 0.1999347060918808,
            "count": 568
        },
        "Car.Policy.Beta.mean": {
            "value": 0.0002219140442321077,
            "min": 0.0002219140442321077,
            "max": 0.0004996800562366843,
            "count": 568
        },
        "Car.Environment.EpisodeLength.mean": {
            "value": 626.0769230769231,
            "min": 29.520833333333332,
            "max": 50109.25,
            "count": 368
        },
        "Car.Environment.CumulativeReward.mean": {
            "value": 0.42388463915827185,
            "min": 0.005000000260770321,
            "max": 19.64350140094757,
            "count": 368
        },
        "Car.Policy.ExtrinsicReward.mean": {
            "value": 0.42388463915827185,
            "min": 0.005000000260770321,
            "max": 19.64350140094757,
            "count": 368
        },
        "Car.IsTraining.mean": {
            "value": 1.0,
            "min": 1.0,
            "max": 1.0,
            "count": 568
        }
    },
    "metadata": {
        "timer_format_version": "0.1.0",
        "start_time_seconds": "1605089881",
        "python_version": "3.7.9 (tags/v3.7.9:13c94747c7, Aug 17 2020, 18:58:18) [MSC v.1900 64 bit (AMD64)]",
        "command_line_arguments": "D:\\Projekty\\Unity\\aicitysimulation\\venv\\Scripts\\mlagents-learn config\\car_config.yaml --run-id=DriveToTarget_3",
        "mlagents_version": "0.21.1",
        "mlagents_envs_version": "0.21.1",
        "communication_protocol_version": "1.2.0",
        "tensorflow_version": "2.3.1",
        "numpy_version": "1.18.5",
        "end_time_seconds": "1605100180"
    },
    "total": 10299.2912404,
    "count": 1,
    "self": 0.26164779999999155,
    "children": {
        "run_training.setup": {
            "total": 0.009585100000000235,
            "count": 1,
            "self": 0.009585100000000235
        },
        "TrainerController.start_learning": {
            "total": 10299.0200075,
            "count": 1,
            "self": 16.280366500383025,
            "children": {
                "TrainerController._reset_env": {
                    "total": 10.234332,
                    "count": 1,
                    "self": 10.234332
                },
                "TrainerController.advance": {
                    "total": 10271.828173399617,
                    "count": 479855,
                    "self": 8.194920699381328,
                    "children": {
                        "env_step": {
                            "total": 10263.633252700236,
                            "count": 479855,
                            "self": 9828.088996699478,
                            "children": {
                                "SubprocessEnvManager._take_step": {
                                    "total": 428.4318097008256,
                                    "count": 479855,
                                    "self": 16.68087960045807,
                                    "children": {
                                        "TFPolicy.evaluate": {
                                            "total": 411.75093010036755,
                                            "count": 473417,
                                            "self": 411.75093010036755
                                        }
                                    }
                                },
                                "workers": {
                                    "total": 7.112446299932284,
                                    "count": 479854,
                                    "self": 0.0,
                                    "children": {
                                        "worker_root": {
                                            "total": 10273.839684300132,
                                            "count": 479854,
                                            "is_parallel": true,
                                            "self": 1306.9230251002336,
                                            "children": {
                                                "steps_from_proto": {
                                                    "total": 0.0008494999999992814,
                                                    "count": 1,
                                                    "is_parallel": true,
                                                    "self": 0.00015349999999614283,
                                                    "children": {
                                                        "_process_vector_observation": {
                                                            "total": 0.0006960000000031386,
                                                            "count": 8,
                                                            "is_parallel": true,
                                                            "self": 0.0006960000000031386
                                                        }
                                                    }
                                                },
                                                "UnityEnvironment.step": {
                                                    "total": 8966.915809699898,
                                                    "count": 479854,
                                                    "is_parallel": true,
                                                    "self": 99.50050560016098,
                                                    "children": {
                                                        "UnityEnvironment._generate_step_input": {
                                                            "total": 80.57463909973512,
                                                            "count": 479854,
                                                            "is_parallel": true,
                                                            "self": 80.57463909973512
                                                        },
                                                        "communicator.exchange": {
                                                            "total": 8409.168207100018,
                                                            "count": 479854,
                                                            "is_parallel": true,
                                                            "self": 8409.168207100018
                                                        },
                                                        "steps_from_proto": {
                                                            "total": 377.6724578999829,
                                                            "count": 479854,
                                                            "is_parallel": true,