{
    "name": "root",
    "gauges": {
        "Car.Policy.Entropy.mean": {
            "value": 1.4172390699386597,
            "min": 1.4172390699386597,
            "max": 1.4196739196777344,
            "count": 2
        },
        "Car.Environment.EpisodeLength.mean": {
            "value": 110.89502762430939,
            "min": 58.81155015197568,
            "max": 110.89502762430939,
            "count": 2
        },
        "Car.Policy.ExtrinsicValueEstimate.mean": {
            "value": 0.013929426670074463,
            "min": -0.4837939739227295,
            "max": 0.013929426670074463,
            "count": 2
        },
        "Car.Environment.CumulativeReward.mean": {
            "value": 0.029834258210593167,
            "min": -0.7328267407272362,
            "max": 0.029834258210593167,
            "count": 2
        },
        "Car.Policy.ExtrinsicReward.mean": {
            "value": 0.029834258210593167,
            "min": -0.7328267407272362,
            "max": 0.029834258210593167,
            "count": 2
        },
        "Car.Losses.ValueLoss.mean": {
            "value": 0.01053537055850029,
            "min": 0.01053537055850029,
            "max": 0.034598208963871,
            "count": 2
        },
        "Car.Losses.PolicyLoss.mean": {
            "value": 0.054773371666669846,
            "min": 0.054773371666669846,
            "max": 0.09911176562309265,
            "count": 2
        },
        "Car.Policy.LearningRate.mean": {
            "value": 0.0002982057339977473,
            "min": 0.0002982057339977473,
            "max": 0.00029944811831228435,
            "count": 2
        },
        "Car.Policy.Epsilon.mean": {
            "value": 0.19940190017223358,
            "min": 0.19940190017223358,
            "max": 0.1998160183429718,
            "count": 2
        },
        "Car.Policy.Beta.mean": {
            "value": 0.004970155190676451,
            "min": 0.004970155190676451,
            "max": 0.004990820307284594,
            "count": 2
        },
        "Car.IsTraining.mean": {
            "value": 1.0,
            "min": 1.0,
            "max": 1.0,
            "count": 2
        }
    },
    "metadata": {
        "timer_format_version": "0.1.0",
        "start_time_seconds": "1605288664",
        "python_version": "3.7.9 (tags/v3.7.9:13c94747c7, Aug 17 2020, 18:58:18) [MSC v.1900 64 bit (AMD64)]",
        "command_line_arguments": "D:\\Projekty\\Unity\\aicitysimulation\\venv\\Scripts\\mlagents-learn config\\car_config.yaml --run-id=DriveToTarget_onStreet_PC_sac_11 --train --time-scale=5",
        "mlagents_version": "0.21.1",
        "mlagents_envs_version": "0.21.1",
        "communication_protocol_version": "1.2.0",
        "tensorflow_version": "2.3.1",
        "numpy_version": "1.19.3",
        "end_time_seconds": "1605288795"
    },
    "total": 130.4269932,
    "count": 1,
    "self": 0.00576330000001235,
    "children": {
        "run_training.setup": {
            "total": 0.011118399999999973,
            "count": 1,
            "self": 0.011118399999999973
        },
        "TrainerController.start_learning": {
            "total": 130.4101115,
            "count": 1,
            "self": 0.4209873999999445,
            "children": {
                "TrainerController._reset_env": {
                    "total": 21.732950900000002,
                    "count": 1,
                    "self": 21.732950900000002
                },
                "TrainerController.advance": {
                    "total": 107.30032660000008,
                    "count": 6478,
                    "self": 0.11628940000019838,
                    "children": {
                        "env_step": {
                            "total": 107.18403719999988,
                            "count": 6478,
                            "self": 99.17531619999926,
                            "children": {
                                "SubprocessEnvManager._take_step": {
                                    "total": 7.91009880000048,
                                    "count": 6478,
                                    "self": 0.25090570000063295,
                                    "children": {
                                        "TFPolicy.evaluate": {
                                            "total": 7.659193099999847,
                                            "count": 6143,
                                            "self": 7.659193099999847
                                        }
                                    }
                                },
                                "workers": {
                                    "total": 0.09862220000013266,
                                    "count": 6477,
                                    "self": 0.0,
                                    "children": {
                                        "worker_root": {
                                            "total": 109.41767310000013,
                                            "count": 6477,
                                            "is_parallel": true,
                                            "self": 19.063847999999624,
                                            "children": {
                                                "steps_from_proto": {
                                                    "total": 0.0006789999999980978,
                                                    "count": 1,
                                                    "is_parallel": true,
                                                    "self": 0.00014489999999511838,
                                                    "children": {
                                                        "_process_vector_observation": {
                                                            "total": 0.0005341000000029794,
                                                            "count": 6,
                                                            "is_parallel": true,
                                                            "self": 0.0005341000000029794
                                                        }
                                                    }
                                                },
                                                "UnityEnvironment.step": {
                                                    "total": 90.35314610000052,
                                                    "count": 6477,
                                                    "is_parallel": true,
                                                    "self": 1.0077117000002431,
                                                    "children": {
                                                        "UnityEnvironment._generate_step_input": {
                                                            "total": 0.8790933000001466,
                                                            "count": 6477,
                                                            "is_parallel": true,
                                                            "self": 0.8790933000001466
                                                        },
                                                        "communicator.exchange": {
                                                            "total": 84.47986320000012,
                                                            "count": 6477,
                                                            "is_parallel": true,
                                                            "self": 84.47986320000012
                                                        },
                                                        "steps_from_proto": {
                                                            "total": 3.986477899999997,
                                                            "count": 6477,
                                                            "is_parallel": true,