{
    "name": "root",
    "gauges": {
        "Car.Policy.Entropy.mean": {
            "value": 1.3391042947769165,
            "min": 1.3391042947769165,
            "max": 1.3426395654678345,
            "count": 6
        },
        "Car.Policy.ExtrinsicValueEstimate.mean": {
            "value": 0.058171141892671585,
            "min": 0.047602176666259766,
            "max": 2.185544729232788,
            "count": 6
        },
        "Car.Environment.EpisodeLength.mean": {
            "value": 611.2727272727273,
            "min": 404.77777777777777,
            "max": 611.2727272727273,
            "count": 6
        },
        "Car.Environment.CumulativeReward.mean": {
            "value": -0.21818178553472867,
            "min": -0.5666666428248087,
            "max": -0.2060605718782454,
            "count": 6
        },
        "Car.Policy.ExtrinsicReward.mean": {
            "value": -0.21818178553472867,
            "min": -0.5666666428248087,
            "max": -0.2060605718782454,
            "count": 6
        },
        "Car.Losses.ValueLoss.mean": {
            "value": 0.0017576776444911957,
            "min": 0.0014844456454738975,
            "max": 0.47153201699256897,
            "count": 6
        },
        "Car.Losses.PolicyLoss.mean": {
            "value": 0.028163179755210876,
            "min": 0.026690024882555008,
            "max": 0.04212511330842972,
            "count": 6
        },
        "Car.Policy.LearningRate.mean": {
            "value": 0.00025498593458905816,
            "min": 0.00025498593458905816,
            "max": 0.0002605110057629645,
            "count": 6
        },
        "Car.Policy.Epsilon.mean": {
            "value": 0.18499529361724854,
            "min": 0.18499529361724854,
            "max": 0.18683700263500214,
            "count": 6
        },
        "Car.Policy.Beta.mean": {
            "value": 0.004251265432685614,
            "min": 0.004251265432685614,
            "max": 0.00434316648170352,
            "count": 6
        },
        "Car.IsTraining.mean": {
            "value": 1.0,
            "min": 1.0,
            "max": 1.0,
            "count": 6
        }
    },
    "metadata": {
        "timer_format_version": "0.1.0",
        "start_time_seconds": "1605275574",
        "python_version": "3.7.9 (tags/v3.7.9:13c94747c7, Aug 17 2020, 18:58:18) [MSC v.1900 64 bit (AMD64)]",
        "command_line_arguments": "D:\\Projekty\\Unity\\aicitysimulation\\venv\\Scripts\\mlagents-learn config\\car_config.yaml --run-id=DriveToTarget_onStreet_PC_ppo_8 --train --time-scale=10 --resume",
        "mlagents_version": "0.21.1",
        "mlagents_envs_version": "0.21.1",
        "communication_protocol_version": "1.2.0",
        "tensorflow_version": "2.3.1",
        "numpy_version": "1.19.3",
        "end_time_seconds": "1605275950"
    },
    "total": 375.8513718,
    "count": 1,
    "self": 0.6372306999999751,
    "children": {
        "run_training.setup": {
            "total": 0.018066399999999927,
            "count": 1,
            "self": 0.018066399999999927
        },
        "TrainerController.start_learning": {
            "total": 375.1960747,
            "count": 1,
            "self": 1.3740721999970447,
            "children": {
                "TrainerController._reset_env": {
                    "total": 42.6532095,
                    "count": 1,
                    "self": 42.6532095
                },
                "TrainerController.advance": {
                    "total": 329.8428640000029,
                    "count": 39584,
                    "self": 0.6803897000048664,
                    "children": {
                        "env_step": {
                            "total": 329.16247429999805,
                            "count": 39584,
                            "self": 283.39356259999914,
                            "children": {
                                "SubprocessEnvManager._take_step": {
                                    "total": 45.181597299999304,
                                    "count": 39584,
                                    "self": 1.4635452000084967,
                                    "children": {
                                        "TFPolicy.evaluate": {
                                            "total": 43.71805209999081,
                                            "count": 39584,
                                            "self": 43.71805209999081
                                        }
                                    }
                                },
                                "workers": {
                                    "total": 0.5873143999996273,
                                    "count": 39583,
                                    "self": 0.0,
                                    "children": {
                                        "worker_root": {
                                            "total": 332.0370188999971,
                                            "count": 39583,
                                            "is_parallel": true,
                                            "self": 95.32963829999531,
                                            "children": {
                                                "steps_from_proto": {
                                                    "total": 0.0005166999999985933,
                                                    "count": 1,
                                                    "is_parallel": true,
                                                    "self": 0.0001370000000022742,
                                                    "children": {
                                                        "_process_vector_observation": {
                                                            "total": 0.0003796999999963191,
                                                            "count": 6,
                                                            "is_parallel": true,
                                                            "self": 0.0003796999999963191
                                                        }
                                                    }
                                                },
                                                "UnityEnvironment.step": {
                                                    "total": 236.70686390000182,
                                                    "count": 39583,
                                                    "is_parallel": true,
                                                    "self": 4.164806200009565,
                                                    "children": {
                                                        "UnityEnvironment._generate_step_input": {
                                                            "total": 3.708265699995735,
                                                            "count": 39583,
                                                            "is_parallel": true,
                                                            "self": 3.708265699995735
                                                        },
                                                        "communicator.exchange": {
                                                            "total": 211.99576910000067,
                                                            "count": 39583,
                                                            "is_parallel": true,
                                                            "self": 211.99576910000067
                                                        },
                                                        "steps_from_proto": {
                                                            "total": 16.838022899995842,
                                                            "count": 39583,
                                                            "is_parallel": true,