{
    "name": "root",
    "gauges": {
        "Car.Policy.Entropy.mean": {
            "value": 1.454565405845642,
            "min": 1.4140704870224,
            "max": 1.463927984237671,
            "count": 154
        },
        "Car.Environment.EpisodeLength.mean": {
            "value": 9537.0,
            "min": 207.67123287671234,
            "max": 9717.0,
            "count": 141
        },
        "Car.Policy.ExtrinsicValueEstimate.mean": {
            "value": 0.0013322194572538137,
            "min": -0.12379448115825653,
            "max": 0.38993269205093384,
            "count": 154
        },
        "Car.Environment.CumulativeReward.mean": {
            "value": 1.3410001983866096,
            "min": -0.7191643634450635,
            "max": 6.8509005580097435,
            "count": 141
        },
        "Car.Policy.ExtrinsicReward.mean": {
            "value": 1.3410001983866096,
            "min": -0.7191643634450635,
            "max": 6.8509005580097435,
            "count": 141
        },
        "Car.Losses.ValueLoss.mean": {
            "value": 2.0248132841516053e-06,
            "min": 2.0248132841516053e-06,
            "max": 0.028900962322950363,
            "count": 154
        },
        "Car.Losses.PolicyLoss.mean": {
            "value": 0.01328806672245264,
            "min": 0.013253768905997276,
            "max": 0.05987009406089783,
            "count": 154
        },
        "Car.Policy.LearningRate.mean": {
            "value": 0.00011578755947994068,
            "min": 0.00011578755947994068,
            "max": 0.0002993975067511201,
            "count": 154
        },
        "Car.Policy.Epsilon.mean": {
            "value": 0.1385958343744278,
            "min": 0.1385958343744278,
            "max": 0.19979916512966156,
            "count": 154
        },
        "Car.Policy.Beta.mean": {
            "value": 0.0019359317375347018,
            "min": 0.0019359317375347018,
            "max": 0.004989978391677141,
            "count": 154
        },
        "Car.IsTraining.mean": {
            "value": 1.0,
            "min": 1.0,
            "max": 1.0,
            "count": 154
        }
    },
    "metadata": {
        "timer_format_version": "0.1.0",
        "start_time_seconds": "1605436158",
        "python_version": "3.7.9 (tags/v3.7.9:13c94747c7, Aug 17 2020, 18:58:18) [MSC v.1900 64 bit (AMD64)]",
        "command_line_arguments": "D:\\Projekty\\Unity\\aicitysimulation\\venv\\Scripts\\mlagents-learn config\\car_config.yaml --run-id=DriveToTarget_onStreet_PC_City_sac_8 --train --time-scale=40 --force",
        "mlagents_version": "0.21.1",
        "mlagents_envs_version": "0.21.1",
        "communication_protocol_version": "1.2.0",
        "tensorflow_version": "2.3.1",
        "numpy_version": "1.19.3",
        "end_time_seconds": "1605439604"
    },
    "total": 3445.4747847,
    "count": 1,
    "self": 0.006222299999535608,
    "children": {
        "run_training.setup": {
            "total": 0.013577899999999588,
            "count": 1,
            "self": 0.013577899999999588
        },
        "TrainerController.start_learning": {
            "total": 3445.4549845,
            "count": 1,
            "self": 6.00703909990807,
            "children": {
                "TrainerController._reset_env": {
                    "total": 10.401136399999999,
                    "count": 1,
                    "self": 10.401136399999999
                },
                "TrainerController.advance": {
                    "total": 3428.2153375000926,
                    "count": 194916,
                    "self": 3.0727301001388696,
                    "children": {
                        "env_step": {
                            "total": 3425.1426073999537,
                            "count": 194916,
                            "self": 3190.5351038999047,
                            "children": {
                                "SubprocessEnvManager._take_step": {
                                    "total": 231.79566910004925,
                                    "count": 194916,
                                    "self": 9.182885799990174,
                                    "children": {
                                        "TFPolicy.evaluate": {
                                            "total": 222.61278330005908,
                                            "count": 193207,
                                            "self": 222.61278330005908
                                        }
                                    }
                                },
                                "workers": {
                                    "total": 2.8118343999997837,
                                    "count": 194915,
                                    "self": 0.0,
                                    "children": {
                                        "worker_root": {
                                            "total": 3430.629011100026,
                                            "count": 194915,
                                            "is_parallel": true,
                                            "self": 566.7738489000385,
                                            "children": {
                                                "steps_from_proto": {
                                                    "total": 0.000946700000000078,
                                                    "count": 1,
                                                    "is_parallel": true,
                                                    "self": 0.00014400000000236446,
                                                    "children": {
                                                        "_process_vector_observation": {
                                                            "total": 0.0008026999999977136,
                                                            "count": 6,
                                                            "is_parallel": true,
                                                            "self": 0.0008026999999977136
                                                        }
                                                    }
                                                },
                                                "UnityEnvironment.step": {
                                                    "total": 2863.8542154999877,
                                                    "count": 194915,
                                                    "is_parallel": true,
                                                    "self": 39.105458700120835,
                                                    "children": {
                                                        "UnityEnvironment._generate_step_input": {
                                                            "total": 39.542283699955895,
                                                            "count": 194915,
                                                            "is_parallel": true,
                                                            "self": 39.542283699955895
                                                        },
                                                        "communicator.exchange": {
                                                            "total": 2619.980513000028,
                                                            "count": 194915,
                                                            "is_parallel": true,
                                                            "self": 2619.980513000028
                                                        },
                                                        "steps_from_proto": {
                                                            "total": 165.22596009988288,
                                                            "count": 194915,