{
    "name": "root",
    "metadata": {
        "timer_format_version": "0.1.0",
        "start_time_seconds": "1605267575",
        "python_version": "3.7.9 (tags/v3.7.9:13c94747c7, Aug 17 2020, 18:58:18) [MSC v.1900 64 bit (AMD64)]",
        "command_line_arguments": "D:\\Projekty\\Unity\\aicitysimulation\\venv\\Scripts\\mlagents-learn config\\car_config.yaml --run-id=DriveToTarget_onStreet_PC_ppo_5 --train --time-scale=20",
        "mlagents_version": "0.21.1",
        "mlagents_envs_version": "0.21.1",
        "communication_protocol_version": "1.2.0",
        "tensorflow_version": "2.3.1",
        "numpy_version": "1.19.3",
        "end_time_seconds": "1605267645"
    },
    "total": 70.15752710000001,
    "count": 1,
    "self": 0.005330100000008997,
    "children": {
        "run_training.setup": {
            "total": 0.010964299999999927,
            "count": 1,
            "self": 0.010964299999999927
        },
        "TrainerController.start_learning": {
            "total": 70.1412327,
            "count": 1,
            "self": 0.4102066000003646,
            "children": {
                "TrainerController._reset_env": {
                    "total": 14.544645499999998,
                    "count": 1,
                    "self": 14.544645499999998
                },
                "TrainerController.advance": {
                    "total": 54.32445189999965,
                    "count": 9501,
                    "self": 0.15625289999976388,
                    "children": {
                        "env_step": {
                            "total": 54.16819899999989,
                            "count": 9501,
                            "self": 45.155964899999674,
                            "children": {
                                "SubprocessEnvManager._take_step": {
                                    "total": 8.886113400000418,
                                    "count": 9501,
                                    "self": 0.3008718000006354,
                                    "children": {
                                        "TFPolicy.evaluate": {
                                            "total": 8.585241599999783,
                                            "count": 9501,
                                            "self": 8.585241599999783
                                        }
                                    }
                                },
                                "workers": {
                                    "total": 0.1261206999997988,
                                    "count": 9500,
                                    "self": 0.0,
                                    "children": {
                                        "worker_root": {
                                            "total": 56.510779400000054,
                                            "count": 9500,
                                            "is_parallel": true,
                                            "self": 19.820025600000037,
                                            "children": {
                                                "steps_from_proto": {
                                                    "total": 0.0004311000000001286,
                                                    "count": 1,
                                                    "is_parallel": true,
                                                    "self": 0.00013039999999797658,
                                                    "children": {
                                                        "_process_vector_observation": {
                                                            "total": 0.000300700000002152,
                                                            "count": 6,
                                                            "is_parallel": true,
                                                            "self": 0.000300700000002152
                                                        }
                                                    }
                                                },
                                                "UnityEnvironment.step": {
                                                    "total": 36.69032270000002,
                                                    "count": 9500,
                                                    "is_parallel": true,
                                                    "self": 0.7869091999998474,
                                                    "children": {
                                                        "UnityEnvironment._generate_step_input": {
                                                            "total": 0.5833382000003571,
                                                            "count": 9500,
                                                            "is_parallel": true,
                                                            "self": 0.5833382000003571
                                                        },
                                                        "communicator.exchange": {
                                                            "total": 32.175466199999846,
                                                            "count": 9500,
                                                            "is_parallel": true,
                                                            "self": 32.175466199999846
                                                        },
                                                        "steps_from_proto": {
                                                            "total": 3.1446090999999683,
                                                            "count": 9500,
                                                            "is_parallel": true,
                                                            "self": 1.069165799999972,
                                                            "children": {
                                                                "_process_vector_observation": {
                                                                    "total": 2.0754432999999963,
                                                                    "count": 57000,
                                                                    "is_parallel": true,
                                                                    "self": 2.0754432999999963
                                                                }
                                                            }
                                                        }
                                                    }
                                                }
                                            }
                                        }
                                    }
                                }
                            }
                        }
                    }
                },
                "trainer_threads": {
                    "total": 2.5499999992462108e-05,
                    "count": 1,
                    "self": 2.5499999992462108e-05,
                    "children": {
                        "thread_root": {
                            "total": 0.0,
                            "count": 0,
                            "is_parallel": true,
                            "self": 0.0,
                            "children": {
                                "trainer_advance": {
                                    "total": 54.65509259999972,
                                    "count": 3469,
                                    "is_parallel": true,
                                    "self": 0.2783414999998044,
                                    "children": {
                                        "process_trajectory": {
                                            "total": 52.28357599999992,
                                            "count": 3469,