{
    "name": "root",
    "gauges": {
        "Car.Policy.Entropy.mean": {
            "value": 1.4566515684127808,
            "min": 1.4066017866134644,
            "max": 1.4566515684127808,
            "count": 103
        },
        "Car.Policy.ExtrinsicValueEstimate.mean": {
            "value": 0.05284110829234123,
            "min": -0.43671414256095886,
            "max": 0.0649009644985199,
            "count": 103
        },
        "Car.Losses.ValueLoss.mean": {
            "value": 2.1575449864030816e-05,
            "min": 2.1575449864030816e-05,
            "max": 0.018564818426966667,
            "count": 103
        },
        "Car.Losses.PolicyLoss.mean": {
            "value": 0.027361031621694565,
            "min": 0.019054094329476357,
            "max": 0.07676544785499573,
            "count": 103
        },
        "Car.Policy.LearningRate.mean": {
            "value": 0.00017699525051284581,
            "min": 0.00017699525051284581,
            "max": 0.0002993328671436757,
            "count": 103
        },
        "Car.Policy.Epsilon.mean": {
            "value": 0.15899841487407684,
            "min": 0.15899841487407684,
            "max": 0.19977763295173645,
            "count": 103
        },
        "Car.Policy.Beta.mean": {
            "value": 0.0029540196992456913,
            "min": 0.0029540196992456913,
            "max": 0.004988903179764748,
            "count": 103
        },
        "Car.Environment.EpisodeLength.mean": {
            "value": 1856.7777777777778,
            "min": 203.64285714285714,
            "max": 1940.0,
            "count": 103
        },
        "Car.Environment.CumulativeReward.mean": {
            "value": 1.0388889064391453,
            "min": -0.9612244873174599,
            "max": 1.193750022444874,
            "count": 103
        },
        "Car.Policy.ExtrinsicReward.mean": {
            "value": 1.0388889064391453,
            "min": -0.9612244873174599,
            "max": 1.193750022444874,
            "count": 103
        },
        "Car.IsTraining.mean": {
            "value": 1.0,
            "min": 1.0,
            "max": 1.0,
            "count": 103
        }
    },
    "metadata": {
        "timer_format_version": "0.1.0",
        "start_time_seconds": "1605284821",
        "python_version": "3.7.9 (tags/v3.7.9:13c94747c7, Aug 17 2020, 18:58:18) [MSC v.1900 64 bit (AMD64)]",
        "command_line_arguments": "D:\\Projekty\\Unity\\aicitysimulation\\venv\\Scripts\\mlagents-learn config\\car_config.yaml --run-id=DriveToTarget_onStreet_PC_sac_9 --train --time-scale=5",
        "mlagents_version": "0.21.1",
        "mlagents_envs_version": "0.21.1",
        "communication_protocol_version": "1.2.0",
        "tensorflow_version": "2.3.1",
        "numpy_version": "1.19.3",
        "end_time_seconds": "1605288109"
    },
    "total": 3287.5612908999997,
    "count": 1,
    "self": 0.8465378999994755,
    "children": {
        "run_training.setup": {
            "total": 0.01231099999999996,
            "count": 1,
            "self": 0.01231099999999996
        },
        "TrainerController.start_learning": {
            "total": 3286.7024420000002,
            "count": 1,
            "self": 9.894340100097452,
            "children": {
                "TrainerController._reset_env": {
                    "total": 22.8232511,
                    "count": 1,
                    "self": 22.8232511
                },
                "TrainerController.advance": {
                    "total": 3252.8770144999025,
                    "count": 295301,
                    "self": 5.169847899848264,
                    "children": {
                        "env_step": {
                            "total": 3247.7071666000543,
                            "count": 295301,
                            "self": 2888.221948799992,
                            "children": {
                                "SubprocessEnvManager._take_step": {
                                    "total": 354.63126690006334,
                                    "count": 295301,
                                    "self": 12.780450100006135,
                                    "children": {
                                        "TFPolicy.evaluate": {
                                            "total": 341.8508168000572,
                                            "count": 295301,
                                            "self": 341.8508168000572
                                        }
                                    }
                                },
                                "workers": {
                                    "total": 4.85395089999907,
                                    "count": 295300,
                                    "self": 0.0,
                                    "children": {
                                        "worker_root": {
                                            "total": 3256.355713000127,
                                            "count": 295300,
                                            "is_parallel": true,
                                            "self": 803.9208402000927,
                                            "children": {
                                                "steps_from_proto": {
                                                    "total": 0.0006614999999996485,
                                                    "count": 1,
                                                    "is_parallel": true,
                                                    "self": 0.00014629999999371535,
                                                    "children": {
                                                        "_process_vector_observation": {
                                                            "total": 0.0005152000000059331,
                                                            "count": 6,
                                                            "is_parallel": true,
                                                            "self": 0.0005152000000059331
                                                        }
                                                    }
                                                },
                                                "UnityEnvironment.step": {
                                                    "total": 2452.434211300034,
                                                    "count": 295300,
                                                    "is_parallel": true,
                                                    "self": 39.47226570015391,
                                                    "children": {
                                                        "UnityEnvironment._generate_step_input": {
                                                            "total": 39.76564229991397,
                                                            "count": 295300,
                                                            "is_parallel": true,
                                                            "self": 39.76564229991397
                                                        },
                                                        "communicator.exchange": {
                                                            "total": 2211.1684257999236,
                                                            "count": 295300,
                                                            "is_parallel": true,
                                                            "self": 2211.1684257999236
                                                        },
                                                        "steps_from_proto": {
                                                            "total": 162.02787750004228,
                                                            "count": 295300,
                                                            "is_parallel": true,