{
    "name": "root",
    "gauges": {
        "Car.Policy.Entropy.mean": {
            "value": 1.390506386756897,
            "min": 1.3805291652679443,
            "max": 1.4196534156799316,
            "count": 147
        },
        "Car.Environment.EpisodeLength.mean": {
            "value": 1431.0,
            "min": 282.06779661016947,
            "max": 3702.0,
            "count": 147
        },
        "Car.Policy.ExtrinsicValueEstimate.mean": {
            "value": 4.211173057556152,
            "min": 0.7897578477859497,
            "max": 4.32461404800415,
            "count": 147
        },
        "Car.Environment.CumulativeReward.mean": {
            "value": 64.02166297286749,
            "min": 2.964915009468036,
            "max": 86.50307170187051,
            "count": 147
        },
        "Car.Policy.ExtrinsicReward.mean": {
            "value": 64.02166297286749,
            "min": 2.964915009468036,
            "max": 86.50307170187051,
            "count": 147
        },
        "Car.Losses.ValueLoss.mean": {
            "value": 0.007516821380704641,
            "min": 0.007516821380704641,
            "max": 0.23417872190475464,
            "count": 147
        },
        "Car.Losses.PolicyLoss.mean": {
            "value": 0.025213465094566345,
            "min": 0.023445049300789833,
            "max": 0.0543941929936409,
            "count": 147
        },
        "Car.Policy.LearningRate.mean": {
            "value": 0.0001241975842276588,
            "min": 0.0001241975842276588,
            "max": 0.0002994028909597546,
            "count": 147
        },
        "Car.Policy.Epsilon.mean": {
            "value": 0.14139918982982635,
            "min": 0.14139918982982635,
            "max": 0.19980093836784363,
            "count": 147
        },
        "Car.Policy.Beta.mean": {
            "value": 0.0020758186001330614,
            "min": 0.0020758186001330614,
            "max": 0.004990067332983017,
            "count": 147
        },
        "Car.IsTraining.mean": {
            "value": 1.0,
            "min": 1.0,
            "max": 1.0,
            "count": 147
        }
    },
    "metadata": {
        "timer_format_version": "0.1.0",
        "start_time_seconds": "1605374041",
        "python_version": "3.7.9 (tags/v3.7.9:13c94747c7, Aug 17 2020, 18:58:18) [MSC v.1900 64 bit (AMD64)]",
        "command_line_arguments": "D:\\Projekty\\Unity\\aicitysimulation\\venv\\Scripts\\mlagents-learn config\\car_config.yaml --run-id=DriveToTarget_onStreet_PC_City_sac_5 --train --time-scale=20 --force",
        "mlagents_version": "0.21.1",
        "mlagents_envs_version": "0.21.1",
        "communication_protocol_version": "1.2.0",
        "tensorflow_version": "2.3.1",
        "numpy_version": "1.19.3",
        "end_time_seconds": "1605380435"
    },
    "total": 6393.4415451,
    "count": 1,
    "self": 27.02221969999937,
    "children": {
        "run_training.setup": {
            "total": 0.09923020000000093,
            "count": 1,
            "self": 0.09923020000000093
        },
        "TrainerController.start_learning": {
            "total": 6366.320095200001,
            "count": 1,
            "self": 6.206249099892375,
            "children": {
                "TrainerController._reset_env": {
                    "total": 40.2837689,
                    "count": 1,
                    "self": 40.2837689
                },
                "TrainerController.advance": {
                    "total": 6306.043130400109,
                    "count": 186186,
                    "self": 3.129856100223151,
                    "children": {
                        "env_step": {
                            "total": 6302.913274299885,
                            "count": 186186,
                            "self": 6066.1610620000265,
                            "children": {
                                "SubprocessEnvManager._take_step": {
                                    "total": 233.88208659993361,
                                    "count": 186186,
                                    "self": 9.015560099784665,
                                    "children": {
                                        "TFPolicy.evaluate": {
                                            "total": 224.86652650014895,
                                            "count": 184281,
                                            "self": 224.86652650014895
                                        }
                                    }
                                },
                                "workers": {
                                    "total": 2.8701256999252465,
                                    "count": 186185,
                                    "self": 0.0,
                                    "children": {
                                        "worker_root": {
                                            "total": 6309.160357999942,
                                            "count": 186185,
                                            "is_parallel": true,
                                            "self": 557.5118240999327,
                                            "children": {
                                                "steps_from_proto": {
                                                    "total": 0.024387799999999515,
                                                    "count": 1,
                                                    "is_parallel": true,
                                                    "self": 0.00017400000000122873,
                                                    "children": {
                                                        "_process_vector_observation": {
                                                            "total": 0.024213799999998287,
                                                            "count": 6,
                                                            "is_parallel": true,
                                                            "self": 0.024213799999998287
                                                        }
                                                    }
                                                },
                                                "UnityEnvironment.step": {
                                                    "total": 5751.624146100009,
                                                    "count": 186185,
                                                    "is_parallel": true,
                                                    "self": 39.70944579984007,
                                                    "children": {
                                                        "UnityEnvironment._generate_step_input": {
                                                            "total": 37.70245090000463,
                                                            "count": 186185,
                                                            "is_parallel": true,
                                                            "self": 37.70245090000463
                                                        },
                                                        "communicator.exchange": {
                                                            "total": 5510.8902690000605,
                                                            "count": 186185,
                                                            "is_parallel": true,
                                                            "self": 5510.8902690000605
                                                        },
                                                        "steps_from_proto": {
                                                            "total": 163.3219804001041,
                                                            "count": 186185,
                                                            "is_parallel": true,