{
    "name": "root",
    "gauges": {
        "Car.Policy.Entropy.mean": {
            "value": 1.4856257438659668,
            "min": 1.4018629789352417,
            "max": 1.4856257438659668,
            "count": 95
        },
        "Car.Environment.EpisodeLength.mean": {
            "value": 292.140625,
            "min": 89.57075471698113,
            "max": 598.2682926829268,
            "count": 95
        },
        "Car.Policy.ExtrinsicValueEstimate.mean": {
            "value": 3.187194347381592,
            "min": 0.008270188234746456,
            "max": 4.640841960906982,
            "count": 95
        },
        "Car.Environment.CumulativeReward.mean": {
            "value": 12.597030602628365,
            "min": 0.4075470857216783,
            "max": 20.50628454280751,
            "count": 95
        },
        "Car.Policy.ExtrinsicReward.mean": {
            "value": 12.597030602628365,
            "min": 0.4075470857216783,
            "max": 20.50628454280751,
            "count": 95
        },
        "Car.Losses.ValueLoss.mean": {
            "value": 0.1106196790933609,
            "min": 0.04071686789393425,
            "max": 0.4901537299156189,
            "count": 95
        },
        "Car.Losses.PolicyLoss.mean": {
            "value": 0.03592921793460846,
            "min": 0.02796841226518154,
            "max": 0.06667313724756241,
            "count": 95
        },
        "Car.Policy.LearningRate.mean": {
            "value": 0.00018657397595234215,
            "min": 0.00018657397595234215,
            "max": 0.0002994106325786561,
            "count": 95
        },
        "Car.Policy.Epsilon.mean": {
            "value": 0.16219131648540497,
            "min": 0.16219131648540497,
            "max": 0.19980350136756897,
            "count": 95
        },
        "Car.Policy.Beta.mean": {
            "value": 0.0031133461743593216,
            "min": 0.0031133461743593216,
            "max": 0.004990195389837027,
            "count": 95
        },
        "Car.IsTraining.mean": {
            "value": 1.0,
            "min": 1.0,
            "max": 1.0,
            "count": 95
        }
    },
    "metadata": {
        "timer_format_version": "0.1.0",
        "start_time_seconds": "1605369338",
        "python_version": "3.7.9 (tags/v3.7.9:13c94747c7, Aug 17 2020, 18:58:18) [MSC v.1900 64 bit (AMD64)]",
        "command_line_arguments": "D:\\Projekty\\Unity\\aicitysimulation\\venv\\Scripts\\mlagents-learn config\\car_config.yaml --run-id=DriveToTarget_onStreet_PC_City_sac_4 --train --time-scale=20 --force",
        "mlagents_version": "0.21.1",
        "mlagents_envs_version": "0.21.1",
        "communication_protocol_version": "1.2.0",
        "tensorflow_version": "2.3.1",
        "numpy_version": "1.19.3",
        "end_time_seconds": "1605373911"
    },
    "total": 4573.1978895,
    "count": 1,
    "self": 8.045609499999955,
    "children": {
        "run_training.setup": {
            "total": 0.24767820000000285,
            "count": 1,
            "self": 0.24767820000000285
        },
        "TrainerController.start_learning": {
            "total": 4564.9046018,
            "count": 1,
            "self": 3.759611200058316,
            "children": {
                "TrainerController._reset_env": {
                    "total": 24.407798,
                    "count": 1,
                    "self": 24.407798
                },
                "TrainerController.advance": {
                    "total": 4534.845075899942,
                    "count": 124244,
                    "self": 1.8943079998189205,
                    "children": {
                        "env_step": {
                            "total": 4532.950767900123,
                            "count": 124244,
                            "self": 4395.2332814000665,
                            "children": {
                                "SubprocessEnvManager._take_step": {
                                    "total": 135.87980440012933,
                                    "count": 124244,
                                    "self": 5.518523500110348,
                                    "children": {
                                        "TFPolicy.evaluate": {
                                            "total": 130.36128090001898,
                                            "count": 119574,
                                            "self": 130.36128090001898
                                        }
                                    }
                                },
                                "workers": {
                                    "total": 1.8376820999265888,
                                    "count": 124243,
                                    "self": 0.0,
                                    "children": {
                                        "worker_root": {
                                            "total": 4535.326936099992,
                                            "count": 124243,
                                            "is_parallel": true,
                                            "self": 339.33446400006414,
                                            "children": {
                                                "steps_from_proto": {
                                                    "total": 0.0010076999999988345,
                                                    "count": 1,
                                                    "is_parallel": true,
                                                    "self": 0.0001448000000010552,
                                                    "children": {
                                                        "_process_vector_observation": {
                                                            "total": 0.0008628999999977793,
                                                            "count": 6,
                                                            "is_parallel": true,
                                                            "self": 0.0008628999999977793
                                                        }
                                                    }
                                                },
                                                "UnityEnvironment.step": {
                                                    "total": 4195.991464399928,
                                                    "count": 124243,
                                                    "is_parallel": true,
                                                    "self": 23.665432099780446,
                                                    "children": {
                                                        "UnityEnvironment._generate_step_input": {
                                                            "total": 23.935295599998593,
                                                            "count": 124243,
                                                            "is_parallel": true,
                                                            "self": 23.935295599998593
                                                        },
                                                        "communicator.exchange": {
                                                            "total": 4045.605151000024,
                                                            "count": 124243,
                                                            "is_parallel": true,
                                                            "self": 4045.605151000024
                                                        },
                                                        "steps_from_proto": {
                                                            "total": 102.78558570012513,
                                                            "count": 124243,
                                                            "is_parallel": true,