{
    "name": "root",
    "metadata": {
        "timer_format_version": "0.1.0",
        "start_time_seconds": "1606165788",
        "python_version": "3.7.9 (tags/v3.7.9:13c94747c7, Aug 17 2020, 18:58:18) [MSC v.1900 64 bit (AMD64)]",
        "command_line_arguments": "D:\\Projekty\\Unity\\aicitysimulation\\venv\\Scripts\\mlagents-learn config\\car_config.yaml --run-id=DriveToTarget_onStreet_PC_City_ppo_4 --train --time-scale=40",
        "mlagents_version": "0.21.1",
        "mlagents_envs_version": "0.21.1",
        "communication_protocol_version": "1.2.0",
        "tensorflow_version": "2.3.1",
        "numpy_version": "1.19.3",
        "end_time_seconds": "1606167005"
    },
    "total": 1216.3083511,
    "count": 1,
    "self": 0.024224399999866364,
    "children": {
        "run_training.setup": {
            "total": 0.0592472000000015,
            "count": 1,
            "self": 0.0592472000000015
        },
        "TrainerController.start_learning": {
            "total": 1216.2248795,
            "count": 1,
            "self": 1.5753667000303722,
            "children": {
                "TrainerController._reset_env": {
                    "total": 15.4258323,
                    "count": 1,
                    "self": 15.4258323
                },
                "TrainerController.advance": {
                    "total": 1198.3863889999698,
                    "count": 45971,
                    "self": 0.8193122999803109,
                    "children": {
                        "env_step": {
                            "total": 1197.5670766999895,
                            "count": 45971,
                            "self": 1130.5169025999883,
                            "children": {
                                "SubprocessEnvManager._take_step": {
                                    "total": 66.20883210001436,
                                    "count": 45971,
                                    "self": 2.8755078000120378,
                                    "children": {
                                        "TFPolicy.evaluate": {
                                            "total": 63.333324300002324,
                                            "count": 44845,
                                            "self": 63.333324300002324
                                        }
                                    }
                                },
                                "workers": {
                                    "total": 0.8413419999868204,
                                    "count": 45970,
                                    "self": 0.0,
                                    "children": {
                                        "worker_root": {
                                            "total": 1140.5875160999967,
                                            "count": 45970,
                                            "is_parallel": true,
                                            "self": 183.9254880999864,
                                            "children": {
                                                "steps_from_proto": {
                                                    "total": 0.0014478000000011093,
                                                    "count": 1,
                                                    "is_parallel": true,
                                                    "self": 0.00015339999999852694,
                                                    "children": {
                                                        "_process_vector_observation": {
                                                            "total": 0.0012944000000025824,
                                                            "count": 6,
                                                            "is_parallel": true,
                                                            "self": 0.0012944000000025824
                                                        }
                                                    }
                                                },
                                                "UnityEnvironment.step": {
                                                    "total": 956.6605802000103,
                                                    "count": 45970,
                                                    "is_parallel": true,
                                                    "self": 14.429163200007338,
                                                    "children": {
                                                        "UnityEnvironment._generate_step_input": {
                                                            "total": 13.197772300010612,
                                                            "count": 45970,
                                                            "is_parallel": true,
                                                            "self": 13.197772300010612
                                                        },
                                                        "communicator.exchange": {
                                                            "total": 866.2218117999984,
                                                            "count": 45970,
                                                            "is_parallel": true,
                                                            "self": 866.2218117999984
                                                        },
                                                        "steps_from_proto": {
                                                            "total": 62.811832899994045,
                                                            "count": 45970,
                                                            "is_parallel": true,
                                                            "self": 6.554907899999527,
                                                            "children": {
                                                                "_process_vector_observation": {
                                                                    "total": 56.25692499999452,
                                                                    "count": 275820,
                                                                    "is_parallel": true,
                                                                    "self": 56.25692499999452
                                                                }
                                                            }
                                                        }
                                                    }
                                                }
                                            }
                                        }
                                    }
                                }
                            }
                        }
                    }
                },
                "TrainerController._save_models": {
                    "total": 0.8372914999999921,
                    "count": 1,
                    "self": 0.010123200000180077,
                    "children": {
                        "RLTrainer._checkpoint": {
                            "total": 0.827168299999812,
                            "count": 1,
                            "self": 0.827168299999812
                        }
                    }
                }
            }
        }
    }
}