{
    "name": "root",
    "gauges": {
        "Car.Policy.Entropy.mean": {
            "value": 1.4411877393722534,
            "min": 1.4161431789398193,
            "max": 1.4411877393722534,
            "count": 9
        },
        "Car.Policy.ExtrinsicValueEstimate.mean": {
            "value": -0.04473399370908737,
            "min": -0.3031376004219055,
            "max": 0.05823735520243645,
            "count": 9
        },
        "Car.Losses.ValueLoss.mean": {
            "value": 0.0025565752293914557,
            "min": 0.0025565752293914557,
            "max": 0.01608334295451641,
            "count": 9
        },
        "Car.Losses.PolicyLoss.mean": {
            "value": 0.022705504670739174,
            "min": 0.022705504670739174,
            "max": 0.04580594599246979,
            "count": 9
        },
        "Car.Policy.LearningRate.mean": {
            "value": 0.00028982057119719684,
            "min": 0.00028982057119719684,
            "max": 0.0002993577509187162,
            "count": 9
        },
        "Car.Policy.Epsilon.mean": {
            "value": 0.1966068297624588,
            "min": 0.1966068297624588,
            "max": 0.19978591799736023,
            "count": 9
        },
        "Car.Policy.Beta.mean": {
            "value": 0.004830682184547186,
            "min": 0.004830682184547186,
            "max": 0.004989317152649164,
            "count": 9
        },
        "Car.Environment.EpisodeLength.mean": {
            "value": 730.0357142857143,
            "min": 367.41509433962267,
            "max": 1193.2941176470588,
            "count": 9
        },
        "Car.Environment.CumulativeReward.mean": {
            "value": -0.46785713399627377,
            "min": -1.347586213257806,
            "max": 0.21294120852561557,
            "count": 9
        },
        "Car.Policy.ExtrinsicReward.mean": {
            "value": -0.46785713399627377,
            "min": -1.347586213257806,
            "max": 0.21294120852561557,
            "count": 9
        },
        "Car.IsTraining.mean": {
            "value": 1.0,
            "min": 1.0,
            "max": 1.0,
            "count": 9
        }
    },
    "metadata": {
        "timer_format_version": "0.1.0",
        "start_time_seconds": "1605284177",
        "python_version": "3.7.9 (tags/v3.7.9:13c94747c7, Aug 17 2020, 18:58:18) [MSC v.1900 64 bit (AMD64)]",
        "command_line_arguments": "D:\\Projekty\\Unity\\aicitysimulation\\venv\\Scripts\\mlagents-learn config\\car_config.yaml --run-id=DriveToTarget_onStreet_PC_sac_8 --train --time-scale=5",
        "mlagents_version": "0.21.1",
        "mlagents_envs_version": "0.21.1",
        "communication_protocol_version": "1.2.0",
        "tensorflow_version": "2.3.1",
        "numpy_version": "1.19.3",
        "end_time_seconds": "1605284732"
    },
    "total": 554.3049123999999,
    "count": 1,
    "self": 0.023324099999854297,
    "children": {
        "run_training.setup": {
            "total": 0.8675722999999991,
            "count": 1,
            "self": 0.8675722999999991
        },
        "TrainerController.start_learning": {
            "total": 553.4140160000001,
            "count": 1,
            "self": 2.105643899985239,
            "children": {
                "TrainerController._reset_env": {
                    "total": 23.709871999999997,
                    "count": 1,
                    "self": 23.709871999999997
                },
                "TrainerController.advance": {
                    "total": 526.2459122000148,
                    "count": 63030,
                    "self": 1.075612400014279,
                    "children": {
                        "env_step": {
                            "total": 525.1702998000005,
                            "count": 63030,
                            "self": 453.57072579999834,
                            "children": {
                                "SubprocessEnvManager._take_step": {
                                    "total": 70.6108180999972,
                                    "count": 63030,
                                    "self": 2.3612057999996665,
                                    "children": {
                                        "TFPolicy.evaluate": {
                                            "total": 68.24961229999754,
                                            "count": 63030,
                                            "self": 68.24961229999754
                                        }
                                    }
                                },
                                "workers": {
                                    "total": 0.9887559000049748,
                                    "count": 63029,
                                    "self": 0.0,
                                    "children": {
                                        "worker_root": {
                                            "total": 531.1942230999988,
                                            "count": 63029,
                                            "is_parallel": true,
                                            "self": 147.70263280000324,
                                            "children": {
                                                "steps_from_proto": {
                                                    "total": 0.024327799999998234,
                                                    "count": 1,
                                                    "is_parallel": true,
                                                    "self": 0.0001483000000064294,
                                                    "children": {
                                                        "_process_vector_observation": {
                                                            "total": 0.024179499999991805,
                                                            "count": 6,
                                                            "is_parallel": true,
                                                            "self": 0.024179499999991805
                                                        }
                                                    }
                                                },
                                                "UnityEnvironment.step": {
                                                    "total": 383.46726249999557,
                                                    "count": 63029,
                                                    "is_parallel": true,
                                                    "self": 6.66605659999874,
                                                    "children": {
                                                        "UnityEnvironment._generate_step_input": {
                                                            "total": 5.632862400003223,
                                                            "count": 63029,
                                                            "is_parallel": true,
                                                            "self": 5.632862400003223
                                                        },
                                                        "communicator.exchange": {
                                                            "total": 344.25861639999863,
                                                            "count": 63029,
                                                            "is_parallel": true,
                                                            "self": 344.25861639999863
                                                        },
                                                        "steps_from_proto": {
                                                            "total": 26.909727099995006,
                                                            "count": 63029,
                                                            "is_parallel": true,