{
    "name": "root",
    "gauges": {
        "Car.Policy.Entropy.mean": {
            "value": 1.502043604850769,
            "min": 1.413235068321228,
            "max": 1.502043604850769,
            "count": 132
        },
        "Car.Policy.ExtrinsicValueEstimate.mean": {
            "value": 1.0543972253799438,
            "min": -0.36312758922576904,
            "max": 1.0543972253799438,
            "count": 132
        },
        "Car.Environment.EpisodeLength.mean": {
            "value": 163.96694214876032,
            "min": 143.03478260869565,
            "max": 6859.96,
            "count": 132
        },
        "Car.Environment.CumulativeReward.mean": {
            "value": 0.9880744360256478,
            "min": -0.9794390119528928,
            "max": 5.097812699270435,
            "count": 132
        },
        "Car.Policy.ExtrinsicReward.mean": {
            "value": 0.9880744360256478,
            "min": -0.9794390119528928,
            "max": 5.097812699270435,
            "count": 132
        },
        "Car.Losses.ValueLoss.mean": {
            "value": 0.10482249408960342,
            "min": 0.002282500034198165,
            "max": 0.11302293092012405,
            "count": 132
        },
        "Car.Losses.PolicyLoss.mean": {
            "value": 0.0678999200463295,
            "min": 0.0186756681650877,
            "max": 0.07340623438358307,
            "count": 132
        },
        "Car.Policy.LearningRate.mean": {
            "value": 0.00014219236618373543,
            "min": 0.00014219236618373543,
            "max": 0.00029940431704744697,
            "count": 132
        },
        "Car.Policy.Epsilon.mean": {
            "value": 0.14739744365215302,
            "min": 0.14739744365215302,
            "max": 0.19980141520500183,
            "count": 132
        },
        "Car.Policy.Beta.mean": {
            "value": 0.0023751321714371443,
            "min": 0.0023751321714371443,
            "max": 0.00499009108170867,
            "count": 132
        },
        "Car.IsTraining.mean": {
            "value": 1.0,
            "min": 1.0,
            "max": 1.0,
            "count": 132
        }
    },
    "metadata": {
        "timer_format_version": "0.1.0",
        "start_time_seconds": "1605466613",
        "python_version": "3.7.9 (tags/v3.7.9:13c94747c7, Aug 17 2020, 18:58:18) [MSC v.1900 64 bit (AMD64)]",
        "command_line_arguments": "D:\\Projekty\\Unity\\aicitysimulation\\venv\\Scripts\\mlagents-learn config\\car_config.yaml --run-id=DriveToTarget_onStreet_PC_City_sac_14 --train --time-scale=40 --force",
        "mlagents_version": "0.21.1",
        "mlagents_envs_version": "0.21.1",
        "communication_protocol_version": "1.2.0",
        "tensorflow_version": "2.3.1",
        "numpy_version": "1.19.3",
        "end_time_seconds": "1605471634"
    },
    "total": 5020.4288584000005,
    "count": 1,
    "self": 0.0059847000002264394,
    "children": {
        "run_training.setup": {
            "total": 0.011608900000000144,
            "count": 1,
            "self": 0.011608900000000144
        },
        "TrainerController.start_learning": {
            "total": 5020.4112648,
            "count": 1,
            "self": 14.39197200005674,
            "children": {
                "TrainerController._reset_env": {
                    "total": 10.18773,
                    "count": 1,
                    "self": 10.18773
                },
                "TrainerController.advance": {
                    "total": 4994.912449299944,
                    "count": 446823,
                    "self": 7.697608700056662,
                    "children": {
                        "env_step": {
                            "total": 4987.214840599887,
                            "count": 446823,
                            "self": 4472.18842910023,
                            "children": {
                                "SubprocessEnvManager._take_step": {
                                    "total": 508.13429369984965,
                                    "count": 446823,
                                    "self": 18.113362399949494,
                                    "children": {
                                        "TFPolicy.evaluate": {
                                            "total": 490.02093129990016,
                                            "count": 442827,
                                            "self": 490.02093129990016
                                        }
                                    }
                                },
                                "workers": {
                                    "total": 6.892117799807465,
                                    "count": 446822,
                                    "self": 0.0,
                                    "children": {
                                        "worker_root": {
                                            "total": 4997.753496100167,
                                            "count": 446822,
                                            "is_parallel": true,
                                            "self": 1107.6136051002936,
                                            "children": {
                                                "steps_from_proto": {
                                                    "total": 0.0006547000000001191,
                                                    "count": 1,
                                                    "is_parallel": true,
                                                    "self": 0.0001335000000004527,
                                                    "children": {
                                                        "_process_vector_observation": {
                                                            "total": 0.0005211999999996664,
                                                            "count": 6,
                                                            "is_parallel": true,
                                                            "self": 0.0005211999999996664
                                                        }
                                                    }
                                                },
                                                "UnityEnvironment.step": {
                                                    "total": 3890.139236299873,
                                                    "count": 446822,
                                                    "is_parallel": true,
                                                    "self": 63.737487299771146,
                                                    "children": {
                                                        "UnityEnvironment._generate_step_input": {
                                                            "total": 53.81521779983098,
                                                            "count": 446822,
                                                            "is_parallel": true,
                                                            "self": 53.81521779983098
                                                        },
                                                        "communicator.exchange": {
                                                            "total": 3507.4365922000707,
                                                            "count": 446822,
                                                            "is_parallel": true,
                                                            "self": 3507.4365922000707
                                                        },
                                                        "steps_from_proto": {
                                                            "total": 265.14993900020033,
                                                            "count": 446822,
                                                            "is_parallel": true,