{
    "name": "root",
    "gauges": {
        "Car.Policy.Entropy.mean": {
            "value": 1.4156889915466309,
            "min": 1.4156889915466309,
            "max": 1.423414945602417,
            "count": 6
        },
        "Car.Policy.ExtrinsicValueEstimate.mean": {
            "value": -0.1266794353723526,
            "min": -0.3374575078487396,
            "max": -0.1266794353723526,
            "count": 6
        },
        "Car.Environment.EpisodeLength.mean": {
            "value": 759.1153846153846,
            "min": 226.3068181818182,
            "max": 759.1153846153846,
            "count": 6
        },
        "Car.Environment.CumulativeReward.mean": {
            "value": -0.6769230686701261,
            "min": -0.9390804568926493,
            "max": -0.6703703580079255,
            "count": 6
        },
        "Car.Policy.ExtrinsicReward.mean": {
            "value": -0.6769230686701261,
            "min": -0.9390804568926493,
            "max": -0.6703703580079255,
            "count": 6
        },
        "Car.Losses.ValueLoss.mean": {
            "value": 0.0025537412147969007,
            "min": 0.0024339836090803146,
            "max": 0.015532580204308033,
            "count": 6
        },
        "Car.Losses.PolicyLoss.mean": {
            "value": 0.022545570507645607,
            "min": 0.018640823662281036,
            "max": 0.05102923512458801,
            "count": 6
        },
        "Car.Policy.LearningRate.mean": {
            "value": 0.0002934092772193253,
            "min": 0.0002934092772193253,
            "max": 0.00029940420063212514,
            "count": 6
        },
        "Car.Policy.Epsilon.mean": {
            "value": 0.1978030949831009,
            "min": 0.1978030949831009,
            "max": 0.19980138540267944,
            "count": 6
        },
        "Car.Policy.Beta.mean": {
            "value": 0.004890373907983303,
            "min": 0.004890373907983303,
            "max": 0.004990088753402233,
            "count": 6
        },
        "Car.IsTraining.mean": {
            "value": 1.0,
            "min": 1.0,
            "max": 1.0,
            "count": 6
        }
    },
    "metadata": {
        "timer_format_version": "0.1.0",
        "start_time_seconds": "1605278400",
        "python_version": "3.7.9 (tags/v3.7.9:13c94747c7, Aug 17 2020, 18:58:18) [MSC v.1900 64 bit (AMD64)]",
        "command_line_arguments": "D:\\Projekty\\Unity\\aicitysimulation\\venv\\Scripts\\mlagents-learn config\\car_config.yaml --run-id=DriveToTarget_onStreet_PC_sac_3 --train --time-scale=5",
        "mlagents_version": "0.21.1",
        "mlagents_envs_version": "0.21.1",
        "communication_protocol_version": "1.2.0",
        "tensorflow_version": "2.3.1",
        "numpy_version": "1.19.3",
        "end_time_seconds": "1605278805"
    },
    "total": 404.7950808,
    "count": 1,
    "self": 0.005957499999965421,
    "children": {
        "run_training.setup": {
            "total": 0.01043510000000003,
            "count": 1,
            "self": 0.01043510000000003
        },
        "TrainerController.start_learning": {
            "total": 404.77868820000003,
            "count": 1,
            "self": 1.6399244000001545,
            "children": {
                "TrainerController._reset_env": {
                    "total": 21.0885447,
                    "count": 1,
                    "self": 21.0885447
                },
                "TrainerController.advance": {
                    "total": 381.0687063999999,
                    "count": 45301,
                    "self": 0.7812999000014429,
                    "children": {
                        "env_step": {
                            "total": 380.28740649999844,
                            "count": 45301,
                            "self": 327.3853782999943,
                            "children": {
                                "SubprocessEnvManager._take_step": {
                                    "total": 52.21563100000161,
                                    "count": 45301,
                                    "self": 1.621220700000265,
                                    "children": {
                                        "TFPolicy.evaluate": {
                                            "total": 50.59441030000134,
                                            "count": 45301,
                                            "self": 50.59441030000134
                                        }
                                    }
                                },
                                "workers": {
                                    "total": 0.6863972000025917,
                                    "count": 45300,
                                    "self": 0.0,
                                    "children": {
                                        "worker_root": {
                                            "total": 383.43003210000217,
                                            "count": 45300,
                                            "is_parallel": true,
                                            "self": 105.92895960000311,
                                            "children": {
                                                "steps_from_proto": {
                                                    "total": 0.0005048999999992532,
                                                    "count": 1,
                                                    "is_parallel": true,
                                                    "self": 0.00013809999999736533,
                                                    "children": {
                                                        "_process_vector_observation": {
                                                            "total": 0.00036680000000188784,
                                                            "count": 6,
                                                            "is_parallel": true,
                                                            "self": 0.00036680000000188784
                                                        }
                                                    }
                                                },
                                                "UnityEnvironment.step": {
                                                    "total": 277.50056759999904,
                                                    "count": 45300,
                                                    "is_parallel": true,
                                                    "self": 4.672868400004006,
                                                    "children": {
                                                        "UnityEnvironment._generate_step_input": {
                                                            "total": 4.084844199999388,
                                                            "count": 45300,
                                                            "is_parallel": true,
                                                            "self": 4.084844199999388
                                                        },
                                                        "communicator.exchange": {
                                                            "total": 249.22165589999864,
                                                            "count": 45300,
                                                            "is_parallel": true,
                                                            "self": 249.22165589999864
                                                        },
                                                        "steps_from_proto": {
                                                            "total": 19.521199099997023,
                                                            "count": 45300,
                                                            "is_parallel": true,