{
    "name": "root",
    "metadata": {
        "timer_format_version": "0.1.0",
        "start_time_seconds": "1605267734",
        "python_version": "3.7.9 (tags/v3.7.9:13c94747c7, Aug 17 2020, 18:58:18) [MSC v.1900 64 bit (AMD64)]",
        "command_line_arguments": "D:\\Projekty\\Unity\\aicitysimulation\\venv\\Scripts\\mlagents-learn config\\car_config.yaml --run-id=DriveToTarget_onStreet_PC_ppo_6 --train --time-scale=20 --force",
        "mlagents_version": "0.21.1",
        "mlagents_envs_version": "0.21.1",
        "communication_protocol_version": "1.2.0",
        "tensorflow_version": "2.3.1",
        "numpy_version": "1.19.3",
        "end_time_seconds": "1605267761"
    },
    "total": 27.0984512,
    "count": 1,
    "self": 0.00621550000000326,
    "children": {
        "run_training.setup": {
            "total": 0.013997299999999768,
            "count": 1,
            "self": 0.013997299999999768
        },
        "TrainerController.start_learning": {
            "total": 27.078238399999996,
            "count": 1,
            "self": 0.07820549999999216,
            "children": {
                "TrainerController._reset_env": {
                    "total": 14.7015785,
                    "count": 1,
                    "self": 14.7015785
                },
                "TrainerController.advance": {
                    "total": 11.429662900000004,
                    "count": 1517,
                    "self": 0.022801999999892075,
                    "children": {
                        "env_step": {
                            "total": 11.406860900000112,
                            "count": 1517,
                            "self": 9.49462400000014,
                            "children": {
                                "SubprocessEnvManager._take_step": {
                                    "total": 1.8918972000000522,
                                    "count": 1517,
                                    "self": 0.04901130000003562,
                                    "children": {
                                        "TFPolicy.evaluate": {
                                            "total": 1.8428859000000166,
                                            "count": 1517,
                                            "self": 1.8428859000000166
                                        }
                                    }
                                },
                                "workers": {
                                    "total": 0.020339699999919247,
                                    "count": 1516,
                                    "self": 0.0,
                                    "children": {
                                        "worker_root": {
                                            "total": 13.523204699999981,
                                            "count": 1516,
                                            "is_parallel": true,
                                            "self": 5.41007119999993,
                                            "children": {
                                                "steps_from_proto": {
                                                    "total": 0.0004302999999996615,
                                                    "count": 1,
                                                    "is_parallel": true,
                                                    "self": 0.00013239999999825613,
                                                    "children": {
                                                        "_process_vector_observation": {
                                                            "total": 0.0002979000000014054,
                                                            "count": 6,
                                                            "is_parallel": true,
                                                            "self": 0.0002979000000014054
                                                        }
                                                    }
                                                },
                                                "UnityEnvironment.step": {
                                                    "total": 8.112703200000052,
                                                    "count": 1516,
                                                    "is_parallel": true,
                                                    "self": 0.12770789999992083,
                                                    "children": {
                                                        "UnityEnvironment._generate_step_input": {
                                                            "total": 0.09714129999999344,
                                                            "count": 1516,
                                                            "is_parallel": true,
                                                            "self": 0.09714129999999344
                                                        },
                                                        "communicator.exchange": {
                                                            "total": 7.358876600000146,
                                                            "count": 1516,
                                                            "is_parallel": true,
                                                            "self": 7.358876600000146
                                                        },
                                                        "steps_from_proto": {
                                                            "total": 0.5289773999999916,
                                                            "count": 1516,
                                                            "is_parallel": true,
                                                            "self": 0.1763454999999592,
                                                            "children": {
                                                                "_process_vector_observation": {
                                                                    "total": 0.3526319000000324,
                                                                    "count": 9096,
                                                                    "is_parallel": true,
                                                                    "self": 0.3526319000000324
                                                                }
                                                            }
                                                        }
                                                    }
                                                }
                                            }
                                        }
                                    }
                                }
                            }
                        }
                    }
                },
                "trainer_threads": {
                    "total": 2.2999999998774e-05,
                    "count": 1,
                    "self": 2.2999999998774e-05,
                    "children": {
                        "thread_root": {
                            "total": 0.0,
                            "count": 0,
                            "is_parallel": true,
                            "self": 0.0,
                            "children": {
                                "trainer_advance": {
                                    "total": 11.49087119999998,
                                    "count": 700,
                                    "is_parallel": true,
                                    "self": 0.05440179999996175,
                                    "children": {
                                        "process_trajectory": {
                                            "total": 10.758778800000016,
                                            "count": 700,