{
    "name": "root",
    "metadata": {
        "timer_format_version": "0.1.0",
        "start_time_seconds": "1606160361",
        "python_version": "3.7.9 (tags/v3.7.9:13c94747c7, Aug 17 2020, 18:58:18) [MSC v.1900 64 bit (AMD64)]",
        "command_line_arguments": "D:\\Projekty\\Unity\\aicitysimulation\\venv\\Scripts\\mlagents-learn config\\car_config.yaml --run-id=DriveToTarget_onStreet_PC_City_ppo_1 --train --time-scale=40 --force",
        "mlagents_version": "0.21.1",
        "mlagents_envs_version": "0.21.1",
        "communication_protocol_version": "1.2.0",
        "tensorflow_version": "2.3.1",
        "numpy_version": "1.19.3",
        "end_time_seconds": "1606161731"
    },
    "total": 1370.4495963,
    "count": 1,
    "self": 0.07242849999988721,
    "children": {
        "run_training.setup": {
            "total": 0.011187700000000245,
            "count": 1,
            "self": 0.011187700000000245
        },
        "TrainerController.start_learning": {
            "total": 1370.3659801000001,
            "count": 1,
            "self": 1.6896495000066807,
            "children": {
                "TrainerController._reset_env": {
                    "total": 8.6447867,
                    "count": 1,
                    "self": 8.6447867
                },
                "TrainerController.advance": {
                    "total": 1359.0690071999936,
                    "count": 55614,
                    "self": 0.9329846999994515,
                    "children": {
                        "env_step": {
                            "total": 1358.1360224999942,
                            "count": 55614,
                            "self": 1286.5872302000178,
                            "children": {
                                "SubprocessEnvManager._take_step": {
                                    "total": 70.69766839998603,
                                    "count": 55614,
                                    "self": 2.953329799985667,
                                    "children": {
                                        "TFPolicy.evaluate": {
                                            "total": 67.74433860000036,
                                            "count": 53095,
                                            "self": 67.74433860000036
                                        }
                                    }
                                },
                                "workers": {
                                    "total": 0.8511238999904744,
                                    "count": 55613,
                                    "self": 0.0,
                                    "children": {
                                        "worker_root": {
                                            "total": 1301.1817769000222,
                                            "count": 55613,
                                            "is_parallel": true,
                                            "self": 189.83067950002237,
                                            "children": {
                                                "steps_from_proto": {
                                                    "total": 0.0014922000000003877,
                                                    "count": 1,
                                                    "is_parallel": true,
                                                    "self": 0.0001579000000004882,
                                                    "children": {
                                                        "_process_vector_observation": {
                                                            "total": 0.0013342999999998995,
                                                            "count": 6,
                                                            "is_parallel": true,
                                                            "self": 0.0013342999999998995
                                                        }
                                                    }
                                                },
                                                "UnityEnvironment.step": {
                                                    "total": 1111.3496051999998,
                                                    "count": 55613,
                                                    "is_parallel": true,
                                                    "self": 16.310117500019942,
                                                    "children": {
                                                        "UnityEnvironment._generate_step_input": {
                                                            "total": 15.268151099995052,
                                                            "count": 55613,
                                                            "is_parallel": true,
                                                            "self": 15.268151099995052
                                                        },
                                                        "communicator.exchange": {
                                                            "total": 1004.2029145000009,
                                                            "count": 55613,
                                                            "is_parallel": true,
                                                            "self": 1004.2029145000009
                                                        },
                                                        "steps_from_proto": {
                                                            "total": 75.56842209998382,
                                                            "count": 55613,
                                                            "is_parallel": true,
                                                            "self": 7.701501799978502,
                                                            "children": {
                                                                "_process_vector_observation": {
                                                                    "total": 67.86692030000532,
                                                                    "count": 333678,
                                                                    "is_parallel": true,
                                                                    "self": 67.86692030000532
                                                                }
                                                            }
                                                        }
                                                    }
                                                }
                                            }
                                        }
                                    }
                                }
                            }
                        }
                    }
                },
                "TrainerController._save_models": {
                    "total": 0.9625366999998732,
                    "count": 1,
                    "self": 0.03616779999993014,
                    "children": {
                        "RLTrainer._checkpoint": {
                            "total": 0.9263688999999431,
                            "count": 1,
                            "self": 0.9263688999999431
                        }
                    }
                }
            }
        }
    }
}