{
    "name": "root",
    "gauges": {
        "Car.Policy.Entropy.mean": {
            "value": 1.416568636894226,
            "min": 1.416568636894226,
            "max": 1.4205713272094727,
            "count": 7
        },
        "Car.Policy.ExtrinsicValueEstimate.mean": {
            "value": -0.006403150036931038,
            "min": -0.05566862225532532,
            "max": 0.005863781087100506,
            "count": 7
        },
        "Car.Environment.EpisodeLength.mean": {
            "value": 1055.842105263158,
            "min": 329.2280701754386,
            "max": 1527.4,
            "count": 7
        },
        "Car.Environment.CumulativeReward.mean": {
            "value": -0.505263149346176,
            "min": -0.9035087661784992,
            "max": 0.02000001271565755,
            "count": 7
        },
        "Car.Policy.ExtrinsicReward.mean": {
            "value": -0.505263149346176,
            "min": -0.9035087661784992,
            "max": 0.02000001271565755,
            "count": 7
        },
        "Car.Losses.ValueLoss.mean": {
            "value": 0.003507827175781131,
            "min": 0.003507827175781131,
            "max": 0.03390130400657654,
            "count": 7
        },
        "Car.Losses.PolicyLoss.mean": {
            "value": 0.02969018742442131,
            "min": 0.022709524258971214,
            "max": 0.034980203956365585,
            "count": 7
        },
        "Car.Policy.LearningRate.mean": {
            "value": 0.0002921921550296247,
            "min": 0.0002921921550296247,
            "max": 0.0002994038804899901,
            "count": 7
        },
        "Car.Policy.Epsilon.mean": {
            "value": 0.197397381067276,
            "min": 0.197397381067276,
            "max": 0.19980131089687347,
            "count": 7
        },
        "Car.Policy.Beta.mean": {
            "value": 0.004870129283517599,
            "min": 0.004870129283517599,
            "max": 0.004990084562450647,
            "count": 7
        },
        "Car.IsTraining.mean": {
            "value": 1.0,
            "min": 1.0,
            "max": 1.0,
            "count": 7
        }
    },
    "metadata": {
        "timer_format_version": "0.1.0",
        "start_time_seconds": "1605280287",
        "python_version": "3.7.9 (tags/v3.7.9:13c94747c7, Aug 17 2020, 18:58:18) [MSC v.1900 64 bit (AMD64)]",
        "command_line_arguments": "D:\\Projekty\\Unity\\aicitysimulation\\venv\\Scripts\\mlagents-learn config\\car_config.yaml --run-id=DriveToTarget_onStreet_PC_sac_4 --train --time-scale=5",
        "mlagents_version": "0.21.1",
        "mlagents_envs_version": "0.21.1",
        "communication_protocol_version": "1.2.0",
        "tensorflow_version": "2.3.1",
        "numpy_version": "1.19.3",
        "end_time_seconds": "1605280722"
    },
    "total": 435.016494,
    "count": 1,
    "self": 0.005585399999972651,
    "children": {
        "run_training.setup": {
            "total": 0.011656499999999959,
            "count": 1,
            "self": 0.011656499999999959
        },
        "TrainerController.start_learning": {
            "total": 434.99925210000004,
            "count": 1,
            "self": 1.6148355000000265,
            "children": {
                "TrainerController._reset_env": {
                    "total": 21.5530975,
                    "count": 1,
                    "self": 21.5530975
                },
                "TrainerController.advance": {
                    "total": 410.81190430000004,
                    "count": 51017,
                    "self": 0.8359115000019983,
                    "children": {
                        "env_step": {
                            "total": 409.97599279999804,
                            "count": 51017,
                            "self": 356.25774600000165,
                            "children": {
                                "SubprocessEnvManager._take_step": {
                                    "total": 52.97957180000095,
                                    "count": 51017,
                                    "self": 1.8364974000054488,
                                    "children": {
                                        "TFPolicy.evaluate": {
                                            "total": 51.1430743999955,
                                            "count": 51017,
                                            "self": 51.1430743999955
                                        }
                                    }
                                },
                                "workers": {
                                    "total": 0.7386749999954354,
                                    "count": 51016,
                                    "self": 0.0,
                                    "children": {
                                        "worker_root": {
                                            "total": 413.1300783000001,
                                            "count": 51016,
                                            "is_parallel": true,
                                            "self": 112.38916309999945,
                                            "children": {
                                                "steps_from_proto": {
                                                    "total": 0.0005115999999993903,
                                                    "count": 1,
                                                    "is_parallel": true,
                                                    "self": 0.00014350000000007412,
                                                    "children": {
                                                        "_process_vector_observation": {
                                                            "total": 0.0003680999999993162,
                                                            "count": 6,
                                                            "is_parallel": true,
                                                            "self": 0.0003680999999993162
                                                        }
                                                    }
                                                },
                                                "UnityEnvironment.step": {
                                                    "total": 300.74040360000066,
                                                    "count": 51016,
                                                    "is_parallel": true,
                                                    "self": 5.204734300005271,
                                                    "children": {
                                                        "UnityEnvironment._generate_step_input": {
                                                            "total": 4.591153700003709,
                                                            "count": 51016,
                                                            "is_parallel": true,
                                                            "self": 4.591153700003709
                                                        },
                                                        "communicator.exchange": {
                                                            "total": 269.55527819999895,
                                                            "count": 51016,
                                                            "is_parallel": true,
                                                            "self": 269.55527819999895
                                                        },
                                                        "steps_from_proto": {
                                                            "total": 21.389237399992762,
                                                            "count": 51016,
                                                            "is_parallel": true,