{
    "name": "root",
    "gauges": {
        "Car.Policy.Entropy.mean": {
            "value": 1.4159499406814575,
            "min": 1.4159499406814575,
            "max": 1.4193687438964844,
            "count": 4
        },
        "Car.Policy.ExtrinsicValueEstimate.mean": {
            "value": -0.011747092008590698,
            "min": -0.10040615499019623,
            "max": 0.17642797529697418,
            "count": 4
        },
        "Car.Losses.ValueLoss.mean": {
            "value": 6.506757927127182e-05,
            "min": 6.506757927127182e-05,
            "max": 0.004377696663141251,
            "count": 4
        },
        "Car.Losses.PolicyLoss.mean": {
            "value": 0.022679775953292847,
            "min": 0.0029079425148665905,
            "max": 0.029155436903238297,
            "count": 4
        },
        "Car.Policy.LearningRate.mean": {
            "value": 0.00029580979025922716,
            "min": 0.00029580979025922716,
            "max": 0.00029939235537312925,
            "count": 4
        },
        "Car.Policy.Epsilon.mean": {
            "value": 0.19860327243804932,
            "min": 0.19860327243804932,
            "max": 0.19979745149612427,
            "count": 4
        },
        "Car.Policy.Beta.mean": {
            "value": 0.0049303025007247925,
            "min": 0.0049303025007247925,
            "max": 0.0049898927100002766,
            "count": 4
        },
        "Car.Environment.EpisodeLength.mean": {
            "value": 453.8125,
            "min": 453.8125,
            "max": 453.8125,
            "count": 1
        },
        "Car.Environment.CumulativeReward.mean": {
            "value": 0.0,
            "min": 0.0,
            "max": 0.0,
            "count": 1
        },
        "Car.Policy.ExtrinsicReward.mean": {
            "value": 0.0,
            "min": 0.0,
            "max": 0.0,
            "count": 1
        },
        "Car.IsTraining.mean": {
            "value": 1.0,
            "min": 1.0,
            "max": 1.0,
            "count": 4
        }
    },
    "metadata": {
        "timer_format_version": "0.1.0",
        "start_time_seconds": "1605277119",
        "python_version": "3.7.9 (tags/v3.7.9:13c94747c7, Aug 17 2020, 18:58:18) [MSC v.1900 64 bit (AMD64)]",
        "command_line_arguments": "D:\\Projekty\\Unity\\aicitysimulation\\venv\\Scripts\\mlagents-learn config\\car_config.yaml --run-id=DriveToTarget_onStreet_PC_sac_1 --train --time-scale=5",
        "mlagents_version": "0.21.1",
        "mlagents_envs_version": "0.21.1",
        "communication_protocol_version": "1.2.0",
        "tensorflow_version": "2.3.1",
        "numpy_version": "1.19.3",
        "end_time_seconds": "1605277348"
    },
    "total": 228.80723559999998,
    "count": 1,
    "self": 0.005832499999968377,
    "children": {
        "run_training.setup": {
            "total": 0.6466848999999999,
            "count": 1,
            "self": 0.6466848999999999
        },
        "TrainerController.start_learning": {
            "total": 228.15471820000002,
            "count": 1,
            "self": 0.9582912000015824,
            "children": {
                "TrainerController._reset_env": {
                    "total": 21.64828,
                    "count": 1,
                    "self": 21.64828
                },
                "TrainerController.advance": {
                    "total": 204.48842859999843,
                    "count": 27801,
                    "self": 0.4834308999973871,
                    "children": {
                        "env_step": {
                            "total": 204.00499770000104,
                            "count": 27801,
                            "self": 170.617997800001,
                            "children": {
                                "SubprocessEnvManager._take_step": {
                                    "total": 32.95005980000087,
                                    "count": 27801,
                                    "self": 1.0105527000012628,
                                    "children": {
                                        "TFPolicy.evaluate": {
                                            "total": 31.93950709999961,
                                            "count": 27801,
                                            "self": 31.93950709999961
                                        }
                                    }
                                },
                                "workers": {
                                    "total": 0.4369400999991555,
                                    "count": 27800,
                                    "self": 0.0,
                                    "children": {
                                        "worker_root": {
                                            "total": 208.58556359999974,
                                            "count": 27800,
                                            "is_parallel": true,
                                            "self": 68.53765259999909,
                                            "children": {
                                                "steps_from_proto": {
                                                    "total": 0.03260609999999886,
                                                    "count": 1,
                                                    "is_parallel": true,
                                                    "self": 0.0001528999999962366,
                                                    "children": {
                                                        "_process_vector_observation": {
                                                            "total": 0.032453200000002624,
                                                            "count": 6,
                                                            "is_parallel": true,
                                                            "self": 0.032453200000002624
                                                        }
                                                    }
                                                },
                                                "UnityEnvironment.step": {
                                                    "total": 140.01530490000064,
                                                    "count": 27800,
                                                    "is_parallel": true,
                                                    "self": 2.9765835999985484,
                                                    "children": {
                                                        "UnityEnvironment._generate_step_input": {
                                                            "total": 2.52641510000176,
                                                            "count": 27800,
                                                            "is_parallel": true,
                                                            "self": 2.52641510000176
                                                        },
                                                        "communicator.exchange": {
                                                            "total": 122.63640500000308,
                                                            "count": 27800,
                                                            "is_parallel": true,
                                                            "self": 122.63640500000308
                                                        },
                                                        "steps_from_proto": {
                                                            "total": 11.875901199997255,
                                                            "count": 27800,
                                                            "is_parallel": true,
                                                            "self": 3.3965044999919165,