{
    "name": "root",
    "gauges": {
        "Car.Policy.Entropy.mean": {
            "value": 1.4276469945907593,
            "min": 1.3705896139144897,
            "max": 1.4279662370681763,
            "count": 250
        },
        "Car.Environment.EpisodeLength.mean": {
            "value": 242.52439024390245,
            "min": 43.14065934065934,
            "max": 286.2028985507246,
            "count": 250
        },
        "Car.Policy.ExtrinsicValueEstimate.mean": {
            "value": 0.24364222586154938,
            "min": -0.4855495095252991,
            "max": 0.29254665970802307,
            "count": 250
        },
        "Car.Environment.CumulativeReward.mean": {
            "value": 0.40365854559875114,
            "min": -0.5557522088025524,
            "max": 0.6712328871227291,
            "count": 250
        },
        "Car.Policy.ExtrinsicReward.mean": {
            "value": 0.40365854559875114,
            "min": -0.5557522088025524,
            "max": 0.6712328871227291,
            "count": 250
        },
        "Car.Losses.ValueLoss.mean": {
            "value": 0.00429504131898284,
            "min": 2.9643102607224137e-05,
            "max": 0.039077065885066986,
            "count": 250
        },
        "Car.Losses.PolicyLoss.mean": {
            "value": 0.049542345106601715,
            "min": 0.03142567723989487,
            "max": 0.23461170494556427,
            "count": 250
        },
        "Car.Policy.LearningRate.mean": {
            "value": 5.873791906196857e-07,
            "min": 5.873791906196857e-07,
            "max": 0.00029942195396870375,
            "count": 250
        },
        "Car.Policy.Epsilon.mean": {
            "value": 0.10019576549530029,
            "min": 0.10019576549530029,
            "max": 0.1998073309659958,
            "count": 250
        },
        "Car.Policy.Beta.mean": {
            "value": 1.9768411220866255e-05,
            "min": 1.9768411220866255e-05,
            "max": 0.004990384913980961,
            "count": 250
        },
        "Car.IsTraining.mean": {
            "value": 1.0,
            "min": 1.0,
            "max": 1.0,
            "count": 250
        }
    },
    "metadata": {
        "timer_format_version": "0.1.0",
        "start_time_seconds": "1605289965",
        "python_version": "3.7.9 (tags/v3.7.9:13c94747c7, Aug 17 2020, 18:58:18) [MSC v.1900 64 bit (AMD64)]",
        "command_line_arguments": "D:\\Projekty\\Unity\\aicitysimulation\\venv\\Scripts\\mlagents-learn config\\car_config.yaml --run-id=DriveToTarget_onStreet_PC_sac_13 --train --force",
        "mlagents_version": "0.21.1",
        "mlagents_envs_version": "0.21.1",
        "communication_protocol_version": "1.2.0",
        "tensorflow_version": "2.3.1",
        "numpy_version": "1.19.3",
        "end_time_seconds": "1605297903"
    },
    "total": 7937.825881600001,
    "count": 1,
    "self": 5.6166185000010955,
    "children": {
        "run_training.setup": {
            "total": 0.011255400000000026,
            "count": 1,
            "self": 0.011255400000000026
        },
        "TrainerController.start_learning": {
            "total": 7932.1980077,
            "count": 1,
            "self": 20.448852900113707,
            "children": {
                "TrainerController._reset_env": {
                    "total": 26.4850661,
                    "count": 1,
                    "self": 26.4850661
                },
                "TrainerController.advance": {
                    "total": 7884.398812299886,
                    "count": 640996,
                    "self": 10.64551720002055,
                    "children": {
                        "env_step": {
                            "total": 7873.753295099866,
                            "count": 640996,
                            "self": 7113.825128499596,
                            "children": {
                                "SubprocessEnvManager._take_step": {
                                    "total": 750.2565898001573,
                                    "count": 640996,
                                    "self": 25.970888399880437,
                                    "children": {
                                        "TFPolicy.evaluate": {
                                            "total": 724.2857014002768,
                                            "count": 625073,
                                            "self": 724.2857014002768
                                        }
                                    }
                                },
                                "workers": {
                                    "total": 9.671576800112454,
                                    "count": 640996,
                                    "self": 0.0,
                                    "children": {
                                        "worker_root": {
                                            "total": 7887.151273099856,
                                            "count": 640996,
                                            "is_parallel": true,
                                            "self": 1656.217920999754,
                                            "children": {
                                                "steps_from_proto": {
                                                    "total": 0.0006607000000009577,
                                                    "count": 1,
                                                    "is_parallel": true,
                                                    "self": 0.00013560000000367722,
                                                    "children": {
                                                        "_process_vector_observation": {
                                                            "total": 0.0005250999999972805,
                                                            "count": 6,
                                                            "is_parallel": true,
                                                            "self": 0.0005250999999972805
                                                        }
                                                    }
                                                },
                                                "UnityEnvironment.step": {
                                                    "total": 6230.932691400102,
                                                    "count": 640996,
                                                    "is_parallel": true,
                                                    "self": 95.3932801005758,
                                                    "children": {
                                                        "UnityEnvironment._generate_step_input": {
                                                            "total": 86.77745240014636,
                                                            "count": 640996,
                                                            "is_parallel": true,
                                                            "self": 86.77745240014636
                                                        },
                                                        "communicator.exchange": {
                                                            "total": 5659.767027899507,
                                                            "count": 640996,
                                                            "is_parallel": true,
                                                            "self": 5659.767027899507
                                                        },
                                                        "steps_from_proto": {
                                                            "total": 388.9949309998726,
                                                            "count": 640996,
                                                            "is_parallel": true,