{"count":1,"self":1915.819008,"total":14480.272927799999,"children":{"InitializeActuators":{"count":48,"self":0.0020001,"total":0.0020001,"children":null},"InitializeSensors":{"count":48,"self":0.0040000999999999995,"total":0.0040000999999999995,"children":null},"AgentInfo.ToProto":{"count":22401,"self":0.64111889999999994,"total":5.9533401999999995,"children":{"GenerateSensorData":{"count":22401,"self":1.3244354999999999,"total":5.3122213,"children":{"RayPerceptionSensor.Perceive":{"count":44802,"self":3.9877856,"total":3.9877857999999997,"children":null}}}}},"AgentSendState":{"count":822517,"self":115.72679679999999,"total":1114.6450676,"children":{"CollectObservations":{"count":3948096,"self":46.5028704,"total":46.5028708,"children":null},"WriteActionMask":{"count":3948096,"self":29.4856032,"total":29.4856037,"children":null},"RequestDecision":{"count":3948096,"self":99.886150399999991,"total":922.9298025999999,"children":{"AgentInfo.ToProto":{"count":3948096,"self":69.15346559999999,"total":823.0436499,"children":{"GenerateSensorData":{"count":3948096,"self":178.02576639999998,"total":753.8901872,"children":{"RayPerceptionSensor.Perceive":{"count":7896192,"self":575.8644224,"total":575.8644261,"children":null}}}}}}}}},"DecideAction":{"count":822517,"self":11432.1801216,"total":11432.1799402,"children":null},"AgentAct":{"count":822517,"self":11.6686528,"total":11.6686526,"children":null}},"gauges":{"Car.CumulativeReward":{"count":22401,"max":8.826833,"min":-6.707021,"runningAverage":1.42437375,"value":-1.86499989,"weightedAverage":2.35811925}},"metadata":{"timer_format_version":"0.1.0","start_time_seconds":"1609445366","unity_version":"2019.4.1f1","command_line_arguments":"C:\\Program Files\\Unity\\Hub\\Editor\\2019.4.1f1\\Editor\\Unity.exe -projectpath D:\/Projekty\/Unity\/aicitysimulation -useHub -hubIPC -cloudEnvironment production -hubSessionId 261ab9d0-4b98-11eb-8d7f-732a4e580240 -accessToken zk1FPZ2J8YLkmOXgYNLT-3bdd9LfTLmnQ2DKcEpDDIU001f","communication_protocol_version":"1.3.0","com.unity.ml-agents_version":"1.7.2-preview","scene_name":"City","end_time_seconds":"1609459846"}}