{"count":1,"self":522.06248959999994,"total":1274.7479154999999,"children":{"AgentSendState":{"count":263167,"self":50.478992,"total":339.5905801,"children":{"CollectObservations":{"count":1138589,"self":15.354108799999999,"total":15.354109099999999,"children":null},"CollectDiscreteActionMasks":{"count":1099647,"self":7.169156,"total":7.1691559,"children":null},"AgentInfo.ToProto":{"count":1099647,"self":20.6852192,"total":266.5883245,"children":{"GenerateSensorData":{"count":1099647,"self":50.243590399999995,"total":245.9031048,"children":{"RayPerceptionSensor.Perceive":{"count":2199294,"self":195.65952,"total":195.6595149,"children":null}}}}}}},"DecideAction":{"count":224225,"self":409.1571968,"total":409.1571947,"children":null},"AgentAct":{"count":224225,"self":3.239658,"total":3.239658,"children":null},"AgentInfo.ToProto":{"count":1721,"self":0.089991,"total":0.6959839,"children":{"GenerateSensorData":{"count":1721,"self":0.12100549999999999,"total":0.6059929,"children":{"RayPerceptionSensor.Perceive":{"count":3442,"self":0.48498739999999996,"total":0.48498739999999996,"children":null}}}}}},"gauges":{"Car.CumulativeReward":{"count":1721,"max":8.472761,"min":-5,"runningAverage":1.20916963,"value":-0.958,"weightedAverage":-0.993927538}},"metadata":{"timer_format_version":"0.1.0","start_time_seconds":"1606165802","unity_version":"2019.4.1f1","command_line_arguments":"D:\\Programy\\Unity\\Editor\\Unity.exe -projectpath D:\/Projekty\/Unity\/aicitysimulation -useHub -hubIPC -cloudEnvironment production -hubSessionId 87101370-2dcf-11eb-970d-47734bb48552 -accessToken 4GrYm5VDA9SkGW8LZg8WHPgzN2spMUI_0Y-MpSZ3pFE001f","communication_protocol_version":"1.0.0","com.unity.ml-agents_version":"1.0.5","scene_name":"City","end_time_seconds":"1606167076"}}