{"count":1,"self":1286.1347839999999,"total":2230.9222227,"children":{"AgentSendState":{"count":873651,"self":55.4068736,"total":201.9132613,"children":{"CollectObservations":{"count":698928,"self":11.61514,"total":11.6151398,"children":null},"CollectDiscreteActionMasks":{"count":698928,"self":6.6232599999999993,"total":6.6232602,"children":null},"AgentInfo.ToProto":{"count":698928,"self":17.9596768,"total":128.2679854,"children":{"GenerateSensorData":{"count":698928,"self":49.3731456,"total":110.30830859999999,"children":{"RayPerceptionSensor.Perceive":{"count":2096784,"self":60.9351616,"total":60.935162299999995,"children":null}}}}}}},"DecideAction":{"count":873651,"self":731.36511999999993,"total":731.3651289,"children":null},"AgentAct":{"count":873651,"self":11.4630656,"total":11.463065199999999,"children":null},"AgentInfo.ToProto":{"count":209,"self":0.0045093,"total":0.043994599999999995,"children":{"GenerateSensorData":{"count":209,"self":0.0166965,"total":0.0394853,"children":{"RayPerceptionSensor.Perceive":{"count":627,"self":0.022788799999999998,"total":0.022788799999999998,"children":null}}}}}},"gauges":{"Car.CumulativeReward":{"count":209,"max":16177.18,"min":5.25958252,"runningAverage":1780.52942,"value":12048.4277,"weightedAverage":7623.257}},"metadata":{"timer_format_version":"0.1.0","start_time_seconds":"1605114240","unity_version":"2019.4.1f1","command_line_arguments":"C:\\Program Files\\Unity\\Hub\\Editor\\2019.4.1f1\\Editor\\Unity.exe -projectpath D:\/Projekty\/Unity\/aicitysimulation -useHub -hubIPC -cloudEnvironment production -hubSessionId 2f36a480-243c-11eb-b1aa-51a2d43bbabe -accessToken XiUkje_rGJMN5iavzo5ckOZWSJxySlkVxKfStqHcrlQ001f","communication_protocol_version":"1.0.0","com.unity.ml-agents_version":"1.0.5","scene_name":"DriveToTarget","end_time_seconds":"1605116471"}}