{"count":1,"self":87.58576,"total":598.1668135,"children":{"InitializeActuators":{"count":16,"self":0.0020004,"total":0.0020004,"children":null},"InitializeSensors":{"count":16,"self":0.0030003,"total":0.0030003,"children":null},"AgentSendState":{"count":89834,"self":5.144558,"total":31.595427299999997,"children":{"CollectObservations":{"count":143736,"self":1.797396,"total":1.7973960999999998,"children":null},"WriteActionMask":{"count":143736,"self":1.063545,"total":1.063545,"children":null},"RequestDecision":{"count":143736,"self":3.7304711999999998,"total":23.5899282,"children":{"AgentInfo.ToProto":{"count":143736,"self":2.5306346,"total":19.8594571,"children":{"GenerateSensorData":{"count":143736,"self":6.4309408,"total":17.328822499999998,"children":{"RayPerceptionSensor.Perceive":{"count":287472,"self":10.8978816,"total":10.897881499999999,"children":null}}}}}}}}},"DecideAction":{"count":89834,"self":477.5506944,"total":477.55067699999995,"children":null},"AgentAct":{"count":89834,"self":0.95552169999999992,"total":0.95552169999999992,"children":null},"AgentInfo.ToProto":{"count":2863,"self":0.078956,"total":0.4734249,"children":{"GenerateSensorData":{"count":2863,"self":0.143026,"total":0.39446889999999996,"children":{"RayPerceptionSensor.Perceive":{"count":5726,"self":0.25144289999999997,"total":0.25144289999999997,"children":null}}}}}},"gauges":{"Car.CumulativeReward":{"count":2863,"max":2,"min":0,"runningAverage":0.479217738,"value":1,"weightedAverage":0.650290668}},"metadata":{"timer_format_version":"0.1.0","start_time_seconds":"1609441085","unity_version":"2019.4.1f1","command_line_arguments":"C:\\Program Files\\Unity\\Hub\\Editor\\2019.4.1f1\\Editor\\Unity.exe -projectpath D:\/Projekty\/Unity\/aicitysimulation -useHub -hubIPC -cloudEnvironment production -hubSessionId 261ab9d0-4b98-11eb-8d7f-732a4e580240 -accessToken zk1FPZ2J8YLkmOXgYNLT-3bdd9LfTLmnQ2DKcEpDDIU001f","communication_protocol_version":"1.3.0","com.unity.ml-agents_version":"1.7.2-preview","scene_name":"DriveToTarget","end_time_seconds":"1609441683"}}