{"count":1,"self":6234.6592255999994,"total":10290.7036107,"children":{"AgentSendState":{"count":4734184,"self":282.31528959999997,"total":1118.6124091,"children":{"CollectObservations":{"count":5681028,"self":66.019072,"total":66.0190725,"children":null},"CollectDiscreteActionMasks":{"count":5681028,"self":37.081711999999996,"total":37.0817116,"children":null},"AgentInfo.ToProto":{"count":5681028,"self":98.3292608,"total":733.1963369,"children":{"GenerateSensorData":{"count":5681028,"self":272.9773568,"total":634.8670781,"children":{"RayPerceptionSensor.Perceive":{"count":17043084,"self":361.8897152,"total":361.88971069999997,"children":null}}}}}}},"DecideAction":{"count":4734184,"self":2892.8333823999997,"total":2892.8334284,"children":null},"AgentAct":{"count":4734184,"self":43.365555199999996,"total":43.367557399999995,"children":{"AgentInfo.ToProto":{"count":18,"self":0,"total":0.0020017,"children":{"GenerateSensorData":{"count":18,"self":0,"total":0.0020017,"children":{"RayPerceptionSensor.Perceive":{"count":54,"self":0.0020017,"total":0.0020017,"children":null}}}}}}},"AgentInfo.ToProto":{"count":7574,"self":0.20402579999999998,"total":1.2301636,"children":{"GenerateSensorData":{"count":7574,"self":0.42603739999999996,"total":1.0261377999999999,"children":{"RayPerceptionSensor.Perceive":{"count":22722,"self":0.6001004,"total":0.6001004,"children":null}}}}}},"gauges":{"Car.CumulativeReward":{"count":7592,"max":107.816689,"min":0,"runningAverage":1.05063152,"value":0.3789969,"weightedAverage":0.285346746}},"metadata":{"timer_format_version":"0.1.0","start_time_seconds":"1605089889","unity_version":"2019.4.1f1","command_line_arguments":"D:\\Programy\\Unity\\Editor\\Unity.exe -projectpath D:\/Projekty\/Unity\/aicitysimulation -useHub -hubIPC -cloudEnvironment production -hubSessionId ebf98440-2386-11eb-b5a5-196543adc131 -accessToken mPLfPbS12ZJUDpPg7Tr31WkfOQuF3jjFPDgT1Gt40EE001f","communication_protocol_version":"1.0.0","com.unity.ml-agents_version":"1.0.5","scene_name":"DriveToTarget","end_time_seconds":"1605100179"}}