{"count":1,"self":178.8457216,"total":749.84213349999993,"children":{"InitializeActuators":{"count":12,"self":0.0019998999999999998,"total":0.0019998999999999998,"children":null},"InitializeSensors":{"count":12,"self":0.0030007,"total":0.0030007,"children":null},"AgentInfo.ToProto":{"count":671,"self":0.015028399999999999,"total":0.19794889999999998,"children":{"GenerateSensorData":{"count":671,"self":0.0559835,"total":0.18292049999999999,"children":{"RayPerceptionSensor.Perceive":{"count":1342,"self":0.126937,"total":0.126937,"children":null}}}}},"AgentSendState":{"count":142734,"self":6.7701607999999993,"total":49.6654206,"children":{"CollectObservations":{"count":171282,"self":2.0833022,"total":2.0833022,"children":null},"WriteActionMask":{"count":171282,"self":1.4587805,"total":1.4587805,"children":null},"RequestDecision":{"count":171282,"self":4.5481076,"total":39.3531774,"children":{"AgentInfo.ToProto":{"count":171282,"self":3.1039336,"total":34.8050697,"children":{"GenerateSensorData":{"count":171282,"self":8.2250752,"total":31.7011361,"children":{"RayPerceptionSensor.Perceive":{"count":342564,"self":23.4760608,"total":23.476060999999998,"children":null}}}}}}}}},"DecideAction":{"count":142734,"self":519.7906432,"total":519.7906294,"children":null},"AgentAct":{"count":142734,"self":1.3364196,"total":1.3364196,"children":null}},"gauges":{"Car.CumulativeReward":{"count":671,"max":8.743908,"min":-0.924,"runningAverage":4.64062166,"value":8.519921,"weightedAverage":7.751608}},"metadata":{"timer_format_version":"0.1.0","start_time_seconds":"1609443778","unity_version":"2019.4.1f1","command_line_arguments":"C:\\Program Files\\Unity\\Hub\\Editor\\2019.4.1f1\\Editor\\Unity.exe -projectpath D:\/Projekty\/Unity\/aicitysimulation -useHub -hubIPC -cloudEnvironment production -hubSessionId 261ab9d0-4b98-11eb-8d7f-732a4e580240 -accessToken zk1FPZ2J8YLkmOXgYNLT-3bdd9LfTLmnQ2DKcEpDDIU001f","communication_protocol_version":"1.3.0","com.unity.ml-agents_version":"1.7.2-preview","scene_name":"Road","end_time_seconds":"1609444528"}}