{"count":1,"self":3521.8374655999996,"total":8945.8517293,"children":{"AgentSendState":{"count":4167034,"self":278.06778879999996,"total":1298.8243886999999,"children":{"CollectObservations":{"count":5000442,"self":68.996601599999991,"total":68.9966014,"children":null},"CollectDiscreteActionMasks":{"count":5000442,"self":33.557772799999995,"total":33.5577725,"children":null},"AgentInfo.ToProto":{"count":5000442,"self":94.4222976,"total":918.2022265999999,"children":{"GenerateSensorData":{"count":5000442,"self":217.0966784,"total":823.7799269,"children":{"RayPerceptionSensor.Perceive":{"count":10000884,"self":606.68323839999994,"total":606.6832526,"children":null}}}}}}},"DecideAction":{"count":4167034,"self":4086.0516352,"total":4086.0518091,"children":null},"AgentAct":{"count":4167034,"self":34.334144,"total":34.334142799999995,"children":null},"AgentInfo.ToProto":{"count":19805,"self":0.5550086,"total":4.8018082999999994,"children":{"GenerateSensorData":{"count":19805,"self":1.1839233,"total":4.2467996999999995,"children":{"RayPerceptionSensor.Perceive":{"count":39610,"self":3.0628764,"total":3.0628764,"children":null}}}}}},"gauges":{"Car.CumulativeReward":{"count":19805,"max":0.700000048,"min":-2,"runningAverage":-0.202140912,"value":-0.7,"weightedAverage":-0.700000048}},"metadata":{"timer_format_version":"0.1.0","start_time_seconds":"1605299675","unity_version":"2019.4.1f1","command_line_arguments":"D:\\Programy\\Unity\\Editor\\Unity.exe -projectpath D:\/Projekty\/Unity\/aicitysimulation -useHub -hubIPC -cloudEnvironment production -hubSessionId 891f0260-2470-11eb-bfb9-61b04d90de7d -accessToken t9zNfbR2ohtEm1sjYRN0qD8ea9nweia9QMmZYWDlS0E001f","communication_protocol_version":"1.0.0","com.unity.ml-agents_version":"1.0.5","scene_name":"Road","end_time_seconds":"1605308621"}}