{
    "name": "root",
    "gauges": {
        "Car.Policy.Entropy.mean": {
            "value": 1.4062048196792603,
            "min": 1.4046703577041626,
            "max": 1.4224317073822021,
            "count": 10
        },
        "Car.Policy.ExtrinsicValueEstimate.mean": {
            "value": 0.08074358850717545,
            "min": -0.2857574224472046,
            "max": 0.08220449835062027,
            "count": 10
        },
        "Car.Environment.EpisodeLength.mean": {
            "value": 1816.5454545454545,
            "min": 328.5,
            "max": 1816.5454545454545,
            "count": 10
        },
        "Car.Environment.CumulativeReward.mean": {
            "value": 1.700000026686625,
            "min": -0.7315789370944625,
            "max": 1.700000026686625,
            "count": 10
        },
        "Car.Policy.ExtrinsicReward.mean": {
            "value": 1.700000026686625,
            "min": -0.7315789370944625,
            "max": 1.700000026686625,
            "count": 10
        },
        "Car.Losses.ValueLoss.mean": {
            "value": 0.001068316400051117,
            "min": 0.001068316400051117,
            "max": 0.008863594383001328,
            "count": 10
        },
        "Car.Losses.PolicyLoss.mean": {
            "value": 0.021290186792612076,
            "min": 0.019643157720565796,
            "max": 0.038147974759340286,
            "count": 10
        },
        "Car.Policy.LearningRate.mean": {
            "value": 0.0002885936410166323,
            "min": 0.0002885936410166323,
            "max": 0.0002993882226292044,
            "count": 10
        },
        "Car.Policy.Epsilon.mean": {
            "value": 0.19619785249233246,
            "min": 0.19619785249233246,
            "max": 0.19979608058929443,
            "count": 10
        },
        "Car.Policy.Beta.mean": {
            "value": 0.004810274112969637,
            "min": 0.004810274112969637,
            "max": 0.004989823326468468,
            "count": 10
        },
        "Car.IsTraining.mean": {
            "value": 1.0,
            "min": 1.0,
            "max": 1.0,
            "count": 10
        }
    },
    "metadata": {
        "timer_format_version": "0.1.0",
        "start_time_seconds": "1605277524",
        "python_version": "3.7.9 (tags/v3.7.9:13c94747c7, Aug 17 2020, 18:58:18) [MSC v.1900 64 bit (AMD64)]",
        "command_line_arguments": "D:\\Projekty\\Unity\\aicitysimulation\\venv\\Scripts\\mlagents-learn config\\car_config.yaml --run-id=DriveToTarget_onStreet_PC_sac_2 --train --time-scale=5",
        "mlagents_version": "0.21.1",
        "mlagents_envs_version": "0.21.1",
        "communication_protocol_version": "1.2.0",
        "tensorflow_version": "2.3.1",
        "numpy_version": "1.19.3",
        "end_time_seconds": "1605278032"
    },
    "total": 507.25073349999997,
    "count": 1,
    "self": 0.005598299999974188,
    "children": {
        "run_training.setup": {
            "total": 0.010505300000000162,
            "count": 1,
            "self": 0.010505300000000162
        },
        "TrainerController.start_learning": {
            "total": 507.2346299,
            "count": 1,
            "self": 2.2971712000015145,
            "children": {
                "TrainerController._reset_env": {
                    "total": 21.1268899,
                    "count": 1,
                    "self": 21.1268899
                },
                "TrainerController.advance": {
                    "total": 482.6270461999985,
                    "count": 68509,
                    "self": 1.1282422000093106,
                    "children": {
                        "env_step": {
                            "total": 481.4988039999892,
                            "count": 68509,
                            "self": 405.0048569999817,
                            "children": {
                                "SubprocessEnvManager._take_step": {
                                    "total": 75.41532100000734,
                                    "count": 68509,
                                    "self": 2.5181474000079334,
                                    "children": {
                                        "TFPolicy.evaluate": {
                                            "total": 72.8971735999994,
                                            "count": 68509,
                                            "self": 72.8971735999994
                                        }
                                    }
                                },
                                "workers": {
                                    "total": 1.078626000000174,
                                    "count": 68508,
                                    "self": 0.0,
                                    "children": {
                                        "worker_root": {
                                            "total": 484.9755639999988,
                                            "count": 68508,
                                            "is_parallel": true,
                                            "self": 155.78367170000257,
                                            "children": {
                                                "steps_from_proto": {
                                                    "total": 0.0005078999999987843,
                                                    "count": 1,
                                                    "is_parallel": true,
                                                    "self": 0.00013600000000124624,
                                                    "children": {
                                                        "_process_vector_observation": {
                                                            "total": 0.0003718999999975381,
                                                            "count": 6,
                                                            "is_parallel": true,
                                                            "self": 0.0003718999999975381
                                                        }
                                                    }
                                                },
                                                "UnityEnvironment.step": {
                                                    "total": 329.19138439999625,
                                                    "count": 68508,
                                                    "is_parallel": true,
                                                    "self": 7.120171100008463,
                                                    "children": {
                                                        "UnityEnvironment._generate_step_input": {
                                                            "total": 5.941946699989813,
                                                            "count": 68508,
                                                            "is_parallel": true,
                                                            "self": 5.941946699989813
                                                        },
                                                        "communicator.exchange": {
                                                            "total": 287.38405020000215,
                                                            "count": 68508,
                                                            "is_parallel": true,
                                                            "self": 287.38405020000215
                                                        },
                                                        "steps_from_proto": {
                                                            "total": 28.745216399995826,
                                                            "count": 68508,
                                                            "is_parallel": true,