{
    "name": "root",
    "gauges": {
        "Car.Policy.Entropy.mean": {
            "value": 1.407603144645691,
            "min": 1.407603144645691,
            "max": 1.4223116636276245,
            "count": 10
        },
        "Car.Environment.EpisodeLength.mean": {
            "value": 3172.0,
            "min": 47.7158203125,
            "max": 3172.0,
            "count": 10
        },
        "Car.Policy.ExtrinsicValueEstimate.mean": {
            "value": 0.06276482343673706,
            "min": -0.7272844314575195,
            "max": 0.06283716857433319,
            "count": 10
        },
        "Car.Environment.CumulativeReward.mean": {
            "value": 2.8496155619907837,
            "min": -0.9950791786047917,
            "max": 2.8496155619907837,
            "count": 10
        },
        "Car.Policy.ExtrinsicReward.mean": {
            "value": 2.8496155619907837,
            "min": -0.9950791786047917,
            "max": 2.8496155619907837,
            "count": 10
        },
        "Car.Losses.ValueLoss.mean": {
            "value": 0.0015622122446075082,
            "min": 0.0015622122446075082,
            "max": 0.22894470393657684,
            "count": 10
        },
        "Car.Losses.PolicyLoss.mean": {
            "value": 0.023113766685128212,
            "min": 0.022023865953087807,
            "max": 0.026134127750992775,
            "count": 10
        },
        "Car.Policy.LearningRate.mean": {
            "value": 1.6395573766203597e-05,
            "min": 1.6395573766203597e-05,
            "max": 0.00028461680631153286,
            "count": 10
        },
        "Car.Policy.Epsilon.mean": {
            "value": 0.10546517372131348,
            "min": 0.10546517372131348,
            "max": 0.19487226009368896,
            "count": 10
        },
        "Car.Policy.Beta.mean": {
            "value": 0.00028271140763536096,
            "min": 0.00028271140763536096,
            "max": 0.004744125530123711,
            "count": 10
        },
        "Car.IsTraining.mean": {
            "value": 1.0,
            "min": 1.0,
            "max": 1.0,
            "count": 10
        }
    },
    "metadata": {
        "timer_format_version": "0.1.0",
        "start_time_seconds": "1606151436",
        "python_version": "3.7.9 (tags/v3.7.9:13c94747c7, Aug 17 2020, 18:58:18) [MSC v.1900 64 bit (AMD64)]",
        "command_line_arguments": "D:\\Projekty\\Unity\\aicitysimulation\\venv\\Scripts\\mlagents-learn config\\car_config_sac.yaml --run-id=DriveToTarget_onStreet_PC_City_sac_18 --train --time-scale=40",
        "mlagents_version": "0.21.1",
        "mlagents_envs_version": "0.21.1",
        "communication_protocol_version": "1.2.0",
        "tensorflow_version": "2.3.1",
        "numpy_version": "1.19.3",
        "end_time_seconds": "1606152307"
    },
    "total": 871.4563157,
    "count": 1,
    "self": 0.23085599999990336,
    "children": {
        "run_training.setup": {
            "total": 0.033847300000000136,
            "count": 1,
            "self": 0.033847300000000136
        },
        "TrainerController.start_learning": {
            "total": 871.1916124,
            "count": 1,
            "self": 2.502430600012417,
            "children": {
                "TrainerController._reset_env": {
                    "total": 7.3263245,
                    "count": 1,
                    "self": 7.3263245
                },
                "TrainerController.advance": {
                    "total": 860.9316761999876,
                    "count": 84980,
                    "self": 1.2941790999922205,
                    "children": {
                        "env_step": {
                            "total": 859.6374970999954,
                            "count": 84980,
                            "self": 793.3530420999862,
                            "children": {
                                "SubprocessEnvManager._take_step": {
                                    "total": 65.09344100000311,
                                    "count": 84980,
                                    "self": 2.4631092999882114,
                                    "children": {
                                        "TFPolicy.evaluate": {
                                            "total": 62.6303317000149,
                                            "count": 83397,
                                            "self": 62.6303317000149
                                        }
                                    }
                                },
                                "workers": {
                                    "total": 1.191014000006076,
                                    "count": 84980,
                                    "self": 0.0,
                                    "children": {
                                        "worker_root": {
                                            "total": 862.2249885000067,
                                            "count": 84980,
                                            "is_parallel": true,
                                            "self": 186.91633080001202,
                                            "children": {
                                                "steps_from_proto": {
                                                    "total": 0.0006702000000000652,
                                                    "count": 1,
                                                    "is_parallel": true,
                                                    "self": 0.00013930000000161868,
                                                    "children": {
                                                        "_process_vector_observation": {
                                                            "total": 0.0005308999999984465,
                                                            "count": 6,
                                                            "is_parallel": true,
                                                            "self": 0.0005308999999984465
                                                        }
                                                    }
                                                },
                                                "UnityEnvironment.step": {
                                                    "total": 675.3079874999947,
                                                    "count": 84980,
                                                    "is_parallel": true,
                                                    "self": 11.265016499982607,
                                                    "children": {
                                                        "UnityEnvironment._generate_step_input": {
                                                            "total": 8.736350900004359,
                                                            "count": 84980,
                                                            "is_parallel": true,
                                                            "self": 8.736350900004359
                                                        },
                                                        "communicator.exchange": {
                                                            "total": 605.7725024000179,
                                                            "count": 84980,
                                                            "is_parallel": true,
                                                            "self": 605.7725024000179
                                                        },
                                                        "steps_from_proto": {
                                                            "total": 49.534117699989935,
                                                            "count": 84980,
                                                            "is_parallel": true,