{
    "name": "root",
    "gauges": {
        "Car.Policy.Entropy.mean": {
            "value": 1.4226953983306885,
            "min": 1.397595763206482,
            "max": 1.4258041381835938,
            "count": 250
        },
        "Car.Environment.EpisodeLength.mean": {
            "value": 38756.0,
            "min": 255.16666666666666,
            "max": 38756.0,
            "count": 121
        },
        "Car.Policy.ExtrinsicValueEstimate.mean": {
            "value": 0.007835161872208118,
            "min": -0.052358198910951614,
            "max": 3.937812566757202,
            "count": 250
        },
        "Car.Environment.CumulativeReward.mean": {
            "value": 24.74999848008156,
            "min": 3.073787594468079,
            "max": 95.38499434416492,
            "count": 121
        },
        "Car.Policy.ExtrinsicReward.mean": {
            "value": 24.74999848008156,
            "min": 3.073787594468079,
            "max": 95.38499434416492,
            "count": 121
        },
        "Car.Losses.ValueLoss.mean": {
            "value": 9.71066469901416e-07,
            "min": 7.783407340866688e-07,
            "max": 0.2010485678911209,
            "count": 250
        },
        "Car.Losses.PolicyLoss.mean": {
            "value": 0.02816815860569477,
            "min": 0.007738402113318443,
            "max": 0.058190613985061646,
            "count": 250
        },
        "Car.Policy.LearningRate.mean": {
            "value": 6.10630252140254e-07,
            "min": 6.10630252140254e-07,
            "max": 0.00029938429361209273,
            "count": 250
        },
        "Car.Policy.Epsilon.mean": {
            "value": 0.1002035140991211,
            "min": 0.1002035140991211,
            "max": 0.19979475438594818,
            "count": 250
        },
        "Car.Policy.Beta.mean": {
            "value": 2.0155155652901158e-05,
            "min": 2.0155155652901158e-05,
            "max": 0.004989758133888245,
            "count": 250
        },
        "Car.IsTraining.mean": {
            "value": 1.0,
            "min": 1.0,
            "max": 1.0,
            "count": 250
        }
    },
    "metadata": {
        "timer_format_version": "0.1.0",
        "start_time_seconds": "1605390321",
        "python_version": "3.7.9 (tags/v3.7.9:13c94747c7, Aug 17 2020, 18:58:18) [MSC v.1900 64 bit (AMD64)]",
        "command_line_arguments": "D:\\Projekty\\Unity\\aicitysimulation\\venv\\Scripts\\mlagents-learn config\\car_config.yaml --run-id=DriveToTarget_onStreet_PC_City_sac_7 --train --time-scale=40",
        "mlagents_version": "0.21.1",
        "mlagents_envs_version": "0.21.1",
        "communication_protocol_version": "1.2.0",
        "tensorflow_version": "2.3.1",
        "numpy_version": "1.19.3",
        "end_time_seconds": "1605396121"
    },
    "total": 5800.4614232,
    "count": 1,
    "self": 0.2478361000003133,
    "children": {
        "run_training.setup": {
            "total": 0.012108500000000078,
            "count": 1,
            "self": 0.012108500000000078
        },
        "TrainerController.start_learning": {
            "total": 5800.2014786,
            "count": 1,
            "self": 9.272167999844896,
            "children": {
                "TrainerController._reset_env": {
                    "total": 8.885905099999999,
                    "count": 1,
                    "self": 8.885905099999999
                },
                "TrainerController.advance": {
                    "total": 5781.285366200155,
                    "count": 314243,
                    "self": 4.869572900174717,
                    "children": {
                        "env_step": {
                            "total": 5776.415793299981,
                            "count": 314243,
                            "self": 5405.256895699959,
                            "children": {
                                "SubprocessEnvManager._take_step": {
                                    "total": 366.6207206999917,
                                    "count": 314243,
                                    "self": 14.819590099853883,
                                    "children": {
                                        "TFPolicy.evaluate": {
                                            "total": 351.8011306001378,
                                            "count": 312557,
                                            "self": 351.8011306001378
                                        }
                                    }
                                },
                                "workers": {
                                    "total": 4.5381769000298995,
                                    "count": 314243,
                                    "self": 0.0,
                                    "children": {
                                        "worker_root": {
                                            "total": 5783.521895800153,
                                            "count": 314243,
                                            "is_parallel": true,
                                            "self": 888.9651178001332,
                                            "children": {
                                                "steps_from_proto": {
                                                    "total": 0.0009430999999997525,
                                                    "count": 1,
                                                    "is_parallel": true,
                                                    "self": 0.00013469999999937698,
                                                    "children": {
                                                        "_process_vector_observation": {
                                                            "total": 0.0008084000000003755,
                                                            "count": 6,
                                                            "is_parallel": true,
                                                            "self": 0.0008084000000003755
                                                        }
                                                    }
                                                },
                                                "UnityEnvironment.step": {
                                                    "total": 4894.55583490002,
                                                    "count": 314243,
                                                    "is_parallel": true,
                                                    "self": 61.13979309982369,
                                                    "children": {
                                                        "UnityEnvironment._generate_step_input": {
                                                            "total": 63.47228440003921,
                                                            "count": 314243,
                                                            "is_parallel": true,
                                                            "self": 63.47228440003921
                                                        },
                                                        "communicator.exchange": {
                                                            "total": 4504.928096700081,
                                                            "count": 314243,
                                                            "is_parallel": true,
                                                            "self": 4504.928096700081
                                                        },
                                                        "steps_from_proto": {
                                                            "total": 265.01566070007664,
                                                            "count": 314243,
                                                            "is_parallel": true,