{
    "name": "root",
    "gauges": {
        "Car.Policy.Entropy.mean": {
            "value": 1.4278391599655151,
            "min": 1.4278391599655151,
            "max": 1.4291037321090698,
            "count": 2
        },
        "Car.Policy.ExtrinsicValueEstimate.mean": {
            "value": 25.50692367553711,
            "min": 6.313711643218994,
            "max": 25.50692367553711,
            "count": 2
        },
        "Car.Losses.ValueLoss.mean": {
            "value": 29.478578567504883,
            "min": 29.478578567504883,
            "max": 210.13768005371094,
            "count": 2
        },
        "Car.Losses.PolicyLoss.mean": {
            "value": 0.24878941476345062,
            "min": 0.24878941476345062,
            "max": 0.24966444075107574,
            "count": 2
        },
        "Car.Policy.LearningRate.mean": {
            "value": 0.000299549923511222,
            "min": 0.000299549923511222,
            "max": 0.0002998228883370757,
            "count": 2
        },
        "Car.Policy.Epsilon.mean": {
            "value": 0.19984997808933258,
            "min": 0.19984997808933258,
            "max": 0.19994096457958221,
            "count": 2
        },
        "Car.Policy.Beta.mean": {
            "value": 0.0004992649191990495,
            "min": 0.0004992649191990495,
            "max": 0.0004997107316739857,
            "count": 2
        },
        "Car.Environment.EpisodeLength.mean": {
            "value": 992.0,
            "min": 701.0,
            "max": 992.0,
            "count": 2
        },
        "Car.Environment.CumulativeReward.mean": {
            "value": 1183.077075958252,
            "min": 782.1119089126587,
            "max": 1183.077075958252,
            "count": 2
        },
        "Car.Policy.ExtrinsicReward.mean": {
            "value": 1183.077075958252,
            "min": 782.1119089126587,
            "max": 1183.077075958252,
            "count": 2
        },
        "Car.IsTraining.mean": {
            "value": 1.0,
            "min": 1.0,
            "max": 1.0,
            "count": 2
        }
    },
    "metadata": {
        "timer_format_version": "0.1.0",
        "start_time_seconds": "1605114048",
        "python_version": "3.7.9 (tags/v3.7.9:13c94747c7, Aug 17 2020, 18:58:18) [MSC v.1900 64 bit (AMD64)]",
        "command_line_arguments": "D:\\Projekty\\Unity\\aicitysimulation\\venv\\Scripts\\mlagents-learn config\\car_config.yaml --run-id=DriveToTarget_5",
        "mlagents_version": "0.21.1",
        "mlagents_envs_version": "0.21.1",
        "communication_protocol_version": "1.2.0",
        "tensorflow_version": "2.3.1",
        "numpy_version": "1.18.5",
        "end_time_seconds": "1605114198"
    },
    "total": 149.8690669,
    "count": 1,
    "self": 0.012622899999996662,
    "children": {
        "run_training.setup": {
            "total": 0.007711800000000046,
            "count": 1,
            "self": 0.007711800000000046
        },
        "TrainerController.start_learning": {
            "total": 149.8487322,
            "count": 1,
            "self": 0.6316583999999636,
            "children": {
                "TrainerController._reset_env": {
                    "total": 55.7891386,
                    "count": 1,
                    "self": 55.7891386
                },
                "TrainerController.advance": {
                    "total": 92.63648330000002,
                    "count": 3159,
                    "self": 0.08336820000030798,
                    "children": {
                        "env_step": {
                            "total": 92.55311509999972,
                            "count": 3159,
                            "self": 81.88246559999942,
                            "children": {
                                "SubprocessEnvManager._take_step": {
                                    "total": 10.59056619999945,
                                    "count": 3159,
                                    "self": 0.18489799999962742,
                                    "children": {
                                        "TFPolicy.evaluate": {
                                            "total": 10.405668199999823,
                                            "count": 3156,
                                            "self": 10.405668199999823
                                        }
                                    }
                                },
                                "workers": {
                                    "total": 0.08008330000084385,
                                    "count": 3158,
                                    "self": 0.0,
                                    "children": {
                                        "worker_root": {
                                            "total": 98.60575909999997,
                                            "count": 3158,
                                            "is_parallel": true,
                                            "self": 24.985480099999677,
                                            "children": {
                                                "steps_from_proto": {
                                                    "total": 0.001991799999998989,
                                                    "count": 1,
                                                    "is_parallel": true,
                                                    "self": 0.00034469999999231504,
                                                    "children": {
                                                        "_process_vector_observation": {
                                                            "total": 0.0016471000000066738,
                                                            "count": 8,
                                                            "is_parallel": true,
                                                            "self": 0.0016471000000066738
                                                        }
                                                    }
                                                },
                                                "UnityEnvironment.step": {
                                                    "total": 73.6182872000003,
                                                    "count": 3158,
                                                    "is_parallel": true,
                                                    "self": 0.9937736999996076,
                                                    "children": {
                                                        "UnityEnvironment._generate_step_input": {
                                                            "total": 0.7930957000009116,
                                                            "count": 3158,
                                                            "is_parallel": true,
                                                            "self": 0.7930957000009116
                                                        },
                                                        "communicator.exchange": {
                                                            "total": 67.84867859999976,
                                                            "count": 3158,
                                                            "is_parallel": true,
                                                            "self": 67.84867859999976
                                                        },
                                                        "steps_from_proto": {
                                                            "total": 3.982739200000026,
                                                            "count": 3158,
                                                            "is_parallel": true,
                                                            "self": 0.8586356999990912,