{
    "name": "root",
    "gauges": {
        "Car.Policy.Entropy.mean": {
            "value": 1.4407689571380615,
            "min": 1.4205249547958374,
            "max": 1.442373514175415,
            "count": 10
        },
        "Car.Policy.ExtrinsicValueEstimate.mean": {
            "value": 0.11549844592809677,
            "min": 0.06477625668048859,
            "max": 2.2151153087615967,
            "count": 10
        },
        "Car.Environment.EpisodeLength.mean": {
            "value": 2440.35,
            "min": 180.22426470588235,
            "max": 3304.133333333333,
            "count": 10
        },
        "Car.Environment.CumulativeReward.mean": {
            "value": 2.4553501843882257,
            "min": -0.925525716967326,
            "max": 3.4091335109435024,
            "count": 10
        },
        "Car.Policy.ExtrinsicReward.mean": {
            "value": 2.4553501843882257,
            "min": -0.925525716967326,
            "max": 3.4091335109435024,
            "count": 10
        },
        "Car.Losses.ValueLoss.mean": {
            "value": 0.006460593547672033,
            "min": 0.003791680559515953,
            "max": 0.8013312220573425,
            "count": 10
        },
        "Car.Losses.PolicyLoss.mean": {
            "value": 0.0219687782227993,
            "min": 0.019903114065527916,
            "max": 0.026343200355768204,
            "count": 10
        },
        "Car.Policy.LearningRate.mean": {
            "value": 1.64758585015079e-05,
            "min": 1.64758585015079e-05,
            "max": 0.0002846142160706222,
            "count": 10
        },
        "Car.Policy.Epsilon.mean": {
            "value": 0.10549191385507584,
            "min": 0.10549191385507584,
            "max": 0.19487138092517853,
            "count": 10
        },
        "Car.Policy.Beta.mean": {
            "value": 0.0002840468077920377,
            "min": 0.0002840468077920377,
            "max": 0.004744082689285278,
            "count": 10
        },
        "Car.IsTraining.mean": {
            "value": 1.0,
            "min": 1.0,
            "max": 1.0,
            "count": 10
        }
    },
    "metadata": {
        "timer_format_version": "0.1.0",
        "start_time_seconds": "1606152406",
        "python_version": "3.7.9 (tags/v3.7.9:13c94747c7, Aug 17 2020, 18:58:18) [MSC v.1900 64 bit (AMD64)]",
        "command_line_arguments": "D:\\Projekty\\Unity\\aicitysimulation\\venv\\Scripts\\mlagents-learn config\\car_config_sac.yaml --run-id=DriveToTarget_onStreet_PC_City_sac_19 --train --time-scale=40",
        "mlagents_version": "0.21.1",
        "mlagents_envs_version": "0.21.1",
        "communication_protocol_version": "1.2.0",
        "tensorflow_version": "2.3.1",
        "numpy_version": "1.19.3",
        "end_time_seconds": "1606153290"
    },
    "total": 883.9036679,
    "count": 1,
    "self": 0.23316239999996924,
    "children": {
        "run_training.setup": {
            "total": 0.010409399999999902,
            "count": 1,
            "self": 0.010409399999999902
        },
        "TrainerController.start_learning": {
            "total": 883.6600961,
            "count": 1,
            "self": 2.5010892000060494,
            "children": {
                "TrainerController._reset_env": {
                    "total": 14.1355936,
                    "count": 1,
                    "self": 14.1355936
                },
                "TrainerController.advance": {
                    "total": 866.3076002999941,
                    "count": 84023,
                    "self": 1.2324284999899646,
                    "children": {
                        "env_step": {
                            "total": 865.0751718000041,
                            "count": 84023,
                            "self": 800.7969164999851,
                            "children": {
                                "SubprocessEnvManager._take_step": {
                                    "total": 63.12603780002448,
                                    "count": 84023,
                                    "self": 2.3690938000082724,
                                    "children": {
                                        "TFPolicy.evaluate": {
                                            "total": 60.756944000016205,
                                            "count": 83435,
                                            "self": 60.756944000016205
                                        }
                                    }
                                },
                                "workers": {
                                    "total": 1.1522174999945634,
                                    "count": 84023,
                                    "self": 0.0,
                                    "children": {
                                        "worker_root": {
                                            "total": 867.4461376999998,
                                            "count": 84023,
                                            "is_parallel": true,
                                            "self": 185.02494859998774,
                                            "children": {
                                                "steps_from_proto": {
                                                    "total": 0.0006582000000001642,
                                                    "count": 1,
                                                    "is_parallel": true,
                                                    "self": 0.00014179999999974768,
                                                    "children": {
                                                        "_process_vector_observation": {
                                                            "total": 0.0005164000000004165,
                                                            "count": 6,
                                                            "is_parallel": true,
                                                            "self": 0.0005164000000004165
                                                        }
                                                    }
                                                },
                                                "UnityEnvironment.step": {
                                                    "total": 682.4205309000121,
                                                    "count": 84023,
                                                    "is_parallel": true,
                                                    "self": 11.373163500022542,
                                                    "children": {
                                                        "UnityEnvironment._generate_step_input": {
                                                            "total": 8.839122399997834,
                                                            "count": 84023,
                                                            "is_parallel": true,
                                                            "self": 8.839122399997834
                                                        },
                                                        "communicator.exchange": {
                                                            "total": 613.9901814999882,
                                                            "count": 84023,
                                                            "is_parallel": true,
                                                            "self": 613.9901814999882
                                                        },
                                                        "steps_from_proto": {
                                                            "total": 48.21806350000349,
                                                            "count": 84023,
                                                            "is_parallel": true,