{
    "name": "root",
    "gauges": {
        "Car.Policy.Entropy.mean": {
            "value": 1.6992276906967163,
            "min": 1.3365684747695923,
            "max": 1.7031337022781372,
            "count": 5476
        },
        "Car.Environment.EpisodeLength.mean": {
            "value": 9.428571428571429,
            "min": 0.0,
            "max": 540.0,
            "count": 5290
        },
        "Car.Policy.ExtrinsicValueEstimate.mean": {
            "value": 0.8571711778640747,
            "min": -2.570108652114868,
            "max": 1.0906195640563965,
            "count": 5512
        },
        "Car.Environment.CumulativeReward.mean": {
            "value": 0.8888888888888888,
            "min": 0.0,
            "max": 1.0,
            "count": 5344
        },
        "Car.Policy.ExtrinsicReward.mean": {
            "value": 0.8888888888888888,
            "min": 0.0,
            "max": 1.0,
            "count": 5344
        },
        "Car.IsTraining.mean": {
            "value": 1.0,
            "min": 1.0,
            "max": 1.0,
            "count": 5512
        },
        "Car.Losses.ValueLoss.mean": {
            "value": 0.03712639957666397,
            "min": 1.8590571926324628e-05,
            "max": 1.8939498662948608,
            "count": 4595
        },
        "Car.Losses.PolicyLoss.mean": {
            "value": 0.24418525397777557,
            "min": 0.1352369785308838,
            "max": 1.596326470375061,
            "count": 4595
        },
        "Car.Policy.LearningRate.mean": {
            "value": 0.00028346595354378223,
            "min": 0.00028346595354378223,
            "max": 0.0002999951539095491,
            "count": 4595
        },
        "Car.Policy.Epsilon.mean": {
            "value": 0.19448862969875336,
            "min": 0.19448862969875336,
            "max": 0.1999983787536621,
            "count": 4595
        },
        "Car.Policy.Beta.mean": {
            "value": 0.0004729944048449397,
            "min": 0.0004729944048449397,
            "max": 0.0004999921075068414,
            "count": 4595
        }
    },
    "metadata": {
        "timer_format_version": "0.1.0",
        "start_time_seconds": "1603963553",
        "python_version": "3.7.9 (tags/v3.7.9:13c94747c7, Aug 17 2020, 18:58:18) [MSC v.1900 64 bit (AMD64)]",
        "command_line_arguments": "D:\\Projekty\\Unity\\aicitysimulation\\venv\\Scripts\\mlagents-learn config\\car_config.yaml --run-id=DriveToTarget_1",
        "mlagents_version": "0.21.0",
        "mlagents_envs_version": "0.21.0",
        "communication_protocol_version": "1.2.0",
        "tensorflow_version": "2.3.1",
        "numpy_version": "1.18.5",
        "end_time_seconds": "1603965742"
    },
    "total": 2189.5630401,
    "count": 1,
    "self": 0.7162272999999004,
    "children": {
        "run_training.setup": {
            "total": 0.03686730000000038,
            "count": 1,
            "self": 0.03686730000000038
        },
        "TrainerController.start_learning": {
            "total": 2188.8099455,
            "count": 1,
            "self": 1.6567275999805133,
            "children": {
                "TrainerController._reset_env": {
                    "total": 8.3569954,
                    "count": 1,
                    "self": 8.3569954
                },
                "TrainerController.advance": {
                    "total": 2178.2230607000197,
                    "count": 53201,
                    "self": 0.8497534000362066,
                    "children": {
                        "env_step": {
                            "total": 2177.3733072999835,
                            "count": 53201,
                            "self": 2095.8036667999863,
                            "children": {
                                "SubprocessEnvManager._take_step": {
                                    "total": 80.80056370000996,
                                    "count": 53201,
                                    "self": 1.2085316000072766,
                                    "children": {
                                        "TFPolicy.evaluate": {
                                            "total": 79.59203210000268,
                                            "count": 22979,
                                            "self": 79.59203210000268
                                        }
                                    }
                                },
                                "workers": {
                                    "total": 0.7690767999873351,
                                    "count": 53200,
                                    "self": 0.0,
                                    "children": {
                                        "worker_root": {
                                            "total": 2179.7318179999843,
                                            "count": 53200,
                                            "is_parallel": true,
                                            "self": 1624.8201616999713,
                                            "children": {
                                                "steps_from_proto": {
                                                    "total": 0.0005028999999998618,
                                                    "count": 1,
                                                    "is_parallel": true,
                                                    "self": 0.00012629999999980157,
                                                    "children": {
                                                        "_process_vector_observation": {
                                                            "total": 0.0003766000000000602,
                                                            "count": 2,
                                                            "is_parallel": true,
                                                            "self": 0.0003766000000000602
                                                        }
                                                    }
                                                },
                                                "UnityEnvironment.step": {
                                                    "total": 554.9111534000128,
                                                    "count": 53200,
                                                    "is_parallel": true,
                                                    "self": 6.788172199995074,
                                                    "children": {
                                                        "UnityEnvironment._generate_step_input": {
                                                            "total": 7.48266079996869,
                                                            "count": 53200,
                                                            "is_parallel": true,
                                                            "self": 7.48266079996869
                                                        },
                                                        "communicator.exchange": {
                                                            "total": 525.2241024000031,
                                                            "count": 53200,
                                                            "is_parallel": true,
                                                            "self": 525.2241024000031
                                                        },
                                                        "steps_from_proto": {
                                                            "total": 15.416218000046031,
                                                            "count": 53200,
                                                            "is_parallel": true,
                                                            "self": 5.375563400034913,