{
    "name": "root",
    "gauges": {
        "Car.Policy.Entropy.mean": {
            "value": 1.169187068939209,
            "min": 1.118821144104004,
            "max": 1.4277156591415405,
            "count": 56
        },
        "Car.Policy.ExtrinsicValueEstimate.mean": {
            "value": 0.56810462474823,
            "min": 0.0007050790591165423,
            "max": 0.56810462474823,
            "count": 56
        },
        "Car.Losses.ValueLoss.mean": {
            "value": 0.024382328614592552,
            "min": 1.6301120922435075e-05,
            "max": 0.04724930226802826,
            "count": 56
        },
        "Car.Losses.PolicyLoss.mean": {
            "value": 0.24758575856685638,
            "min": 0.24017423391342163,
            "max": 0.2542452812194824,
            "count": 56
        },
        "Car.Policy.LearningRate.mean": {
            "value": 0.00028335247770883143,
            "min": 0.00028335247770883143,
            "max": 0.00029982009436935186,
            "count": 56
        },
        "Car.Policy.Epsilon.mean": {
            "value": 0.19445081055164337,
            "min": 0.19445081055164337,
            "max": 0.199940025806427,
            "count": 56
        },
        "Car.Policy.Beta.mean": {
            "value": 0.0004728089552372694,
            "min": 0.0004728089552372694,
            "max": 0.0004997061332687736,
            "count": 56
        },
        "Car.Environment.EpisodeLength.mean": {
            "value": 37.65610859728507,
            "min": 35.9390243902439,
            "max": 840.1333333333333,
            "count": 56
        },
        "Car.Environment.CumulativeReward.mean": {
            "value": 0.6351351351351351,
            "min": 0.0,
            "max": 0.6730769230769231,
            "count": 56
        },
        "Car.Policy.ExtrinsicReward.mean": {
            "value": 0.6351351351351351,
            "min": 0.0,
            "max": 0.6730769230769231,
            "count": 56
        },
        "Car.IsTraining.mean": {
            "value": 1.0,
            "min": 1.0,
            "max": 1.0,
            "count": 56
        }
    },
    "metadata": {
        "timer_format_version": "0.1.0",
        "start_time_seconds": "1605088810",
        "python_version": "3.7.9 (tags/v3.7.9:13c94747c7, Aug 17 2020, 18:58:18) [MSC v.1900 64 bit (AMD64)]",
        "command_line_arguments": "D:\\Projekty\\Unity\\aicitysimulation\\venv\\Scripts\\mlagents-learn config\\car_config.yaml --run-id=DriveToTarget_1",
        "mlagents_version": "0.21.1",
        "mlagents_envs_version": "0.21.1",
        "communication_protocol_version": "1.2.0",
        "tensorflow_version": "2.3.1",
        "numpy_version": "1.18.5",
        "end_time_seconds": "1605089710"
    },
    "total": 900.6446728999999,
    "count": 1,
    "self": 0.0064254999998638596,
    "children": {
        "run_training.setup": {
            "total": 0.00957859999999977,
            "count": 1,
            "self": 0.00957859999999977
        },
        "TrainerController.start_learning": {
            "total": 900.6286688,
            "count": 1,
            "self": 1.6836120999896593,
            "children": {
                "TrainerController._reset_env": {
                    "total": 9.5662555,
                    "count": 1,
                    "self": 9.5662555
                },
                "TrainerController.advance": {
                    "total": 888.8265753000104,
                    "count": 50494,
                    "self": 0.8420627000048171,
                    "children": {
                        "env_step": {
                            "total": 887.9845126000056,
                            "count": 50494,
                            "self": 843.9735021999824,
                            "children": {
                                "SubprocessEnvManager._take_step": {
                                    "total": 43.25709110000761,
                                    "count": 50494,
                                    "self": 1.7006915000113665,
                                    "children": {
                                        "TFPolicy.evaluate": {
                                            "total": 41.55639959999624,
                                            "count": 47481,
                                            "self": 41.55639959999624
                                        }
                                    }
                                },
                                "workers": {
                                    "total": 0.7539193000156139,
                                    "count": 50493,
                                    "self": 0.0,
                                    "children": {
                                        "worker_root": {
                                            "total": 890.304306800007,
                                            "count": 50493,
                                            "is_parallel": true,
                                            "self": 139.81664990000536,
                                            "children": {
                                                "steps_from_proto": {
                                                    "total": 0.0008743999999998309,
                                                    "count": 1,
                                                    "is_parallel": true,
                                                    "self": 0.00018349999999767164,
                                                    "children": {
                                                        "_process_vector_observation": {
                                                            "total": 0.0006909000000021592,
                                                            "count": 8,
                                                            "is_parallel": true,
                                                            "self": 0.0006909000000021592
                                                        }
                                                    }
                                                },
                                                "UnityEnvironment.step": {
                                                    "total": 750.4867825000016,
                                                    "count": 50493,
                                                    "is_parallel": true,
                                                    "self": 10.647965600001271,
                                                    "children": {
                                                        "UnityEnvironment._generate_step_input": {
                                                            "total": 8.37331829999263,
                                                            "count": 50493,
                                                            "is_parallel": true,
                                                            "self": 8.37331829999263
                                                        },
                                                        "communicator.exchange": {
                                                            "total": 691.9636719000056,
                                                            "count": 50493,
                                                            "is_parallel": true,
                                                            "self": 691.9636719000056
                                                        },
                                                        "steps_from_proto": {
                                                            "total": 39.5018267000021,
                                                            "count": 50493,
                                                            "is_parallel": true,
                                                            "self": 7.635310199997868,