{
    "name": "root",
    "gauges": {
        "Car.Policy.Entropy.mean": {
            "value": 1.4254324436187744,
            "min": 1.388724684715271,
            "max": 1.4254324436187744,
            "count": 79
        },
        "Car.Environment.EpisodeLength.mean": {
            "value": 174.2072072072072,
            "min": 174.2072072072072,
            "max": 1949.4545454545455,
            "count": 79
        },
        "Car.Policy.ExtrinsicValueEstimate.mean": {
            "value": 1.4698472023010254,
            "min": 0.06787250190973282,
            "max": 1.4816884994506836,
            "count": 79
        },
        "Car.Environment.CumulativeReward.mean": {
            "value": 1.6927568032511149,
            "min": -0.6958253814964481,
            "max": 4.109312700442388,
            "count": 79
        },
        "Car.Policy.ExtrinsicReward.mean": {
            "value": 1.6927568032511149,
            "min": -0.6958253814964481,
            "max": 4.109312700442388,
            "count": 79
        },
        "Car.Losses.ValueLoss.mean": {
            "value": 0.14878036081790924,
            "min": 0.0005528731271624565,
            "max": 0.14878036081790924,
            "count": 79
        },
        "Car.Losses.PolicyLoss.mean": {
            "value": 0.07791411131620407,
            "min": 0.02500525303184986,
            "max": 0.08699251711368561,
            "count": 79
        },
        "Car.Policy.LearningRate.mean": {
            "value": 0.00020582093566190451,
            "min": 0.00020582093566190451,
            "max": 0.000299363920930773,
            "count": 79
        },
        "Car.Policy.Epsilon.mean": {
            "value": 0.1686069816350937,
            "min": 0.1686069816350937,
            "max": 0.19978797435760498,
            "count": 79
        },
        "Car.Policy.Beta.mean": {
            "value": 0.0034334869123995304,
            "min": 0.0034334869123995304,
            "max": 0.004989419132471085,
            "count": 79
        },
        "Car.IsTraining.mean": {
            "value": 1.0,
            "min": 1.0,
            "max": 1.0,
            "count": 79
        }
    },
    "metadata": {
        "timer_format_version": "0.1.0",
        "start_time_seconds": "1605453543",
        "python_version": "3.7.9 (tags/v3.7.9:13c94747c7, Aug 17 2020, 18:58:18) [MSC v.1900 64 bit (AMD64)]",
        "command_line_arguments": "D:\\Projekty\\Unity\\aicitysimulation\\venv\\Scripts\\mlagents-learn config\\car_config.yaml --run-id=DriveToTarget_onStreet_PC_City_sac_11 --train --time-scale=40 --force",
        "mlagents_version": "0.21.1",
        "mlagents_envs_version": "0.21.1",
        "communication_protocol_version": "1.2.0",
        "tensorflow_version": "2.3.1",
        "numpy_version": "1.19.3",
        "end_time_seconds": "1605454972"
    },
    "total": 1428.5694763,
    "count": 1,
    "self": 0.006854899999780173,
    "children": {
        "run_training.setup": {
            "total": 0.026324600000000142,
            "count": 1,
            "self": 0.026324600000000142
        },
        "TrainerController.start_learning": {
            "total": 1428.5362968000002,
            "count": 1,
            "self": 1.6681469999875844,
            "children": {
                "TrainerController._reset_env": {
                    "total": 14.1494208,
                    "count": 1,
                    "self": 14.1494208
                },
                "TrainerController.advance": {
                    "total": 1411.9151963000124,
                    "count": 51745,
                    "self": 0.8749492000201826,
                    "children": {
                        "env_step": {
                            "total": 1411.0402470999923,
                            "count": 51745,
                            "self": 1337.7642600999843,
                            "children": {
                                "SubprocessEnvManager._take_step": {
                                    "total": 72.44183379999016,
                                    "count": 51745,
                                    "self": 3.3899242999845285,
                                    "children": {
                                        "TFPolicy.evaluate": {
                                            "total": 69.05190950000564,
                                            "count": 49581,
                                            "self": 69.05190950000564
                                        }
                                    }
                                },
                                "workers": {
                                    "total": 0.8341532000178908,
                                    "count": 51744,
                                    "self": 0.0,
                                    "children": {
                                        "worker_root": {
                                            "total": 1414.0336267000098,
                                            "count": 51744,
                                            "is_parallel": true,
                                            "self": 207.20761560001642,
                                            "children": {
                                                "steps_from_proto": {
                                                    "total": 0.0015063000000008486,
                                                    "count": 1,
                                                    "is_parallel": true,
                                                    "self": 0.00015840000000189036,
                                                    "children": {
                                                        "_process_vector_observation": {
                                                            "total": 0.0013478999999989583,
                                                            "count": 6,
                                                            "is_parallel": true,
                                                            "self": 0.0013478999999989583
                                                        }
                                                    }
                                                },
                                                "UnityEnvironment.step": {
                                                    "total": 1206.8245047999933,
                                                    "count": 51744,
                                                    "is_parallel": true,
                                                    "self": 16.71471029997133,
                                                    "children": {
                                                        "UnityEnvironment._generate_step_input": {
                                                            "total": 17.41927000001882,
                                                            "count": 51744,
                                                            "is_parallel": true,
                                                            "self": 17.41927000001882
                                                        },
                                                        "communicator.exchange": {
                                                            "total": 1102.942109399994,
                                                            "count": 51744,
                                                            "is_parallel": true,
                                                            "self": 1102.942109399994
                                                        },
                                                        "steps_from_proto": {
                                                            "total": 69.7484151000092,
                                                            "count": 51744,
                                                            "is_parallel": true,