{
    "name": "root",
    "metadata": {
        "timer_format_version": "0.1.0",
        "start_time_seconds": "1606160211",
        "python_version": "3.7.9 (tags/v3.7.9:13c94747c7, Aug 17 2020, 18:58:18) [MSC v.1900 64 bit (AMD64)]",
        "command_line_arguments": "D:\\Projekty\\Unity\\aicitysimulation\\venv\\Scripts\\mlagents-learn config\\car_config_sac.yaml --run-id=DriveToTarget_onStreet_PC_City_sac_20 --train --time-scale=40",
        "mlagents_version": "0.21.1",
        "mlagents_envs_version": "0.21.1",
        "communication_protocol_version": "1.2.0",
        "tensorflow_version": "2.3.1",
        "numpy_version": "1.19.3",
        "end_time_seconds": "1606160320"
    },
    "total": 109.1384594,
    "count": 1,
    "self": 0.023949900000019397,
    "children": {
        "run_training.setup": {
            "total": 0.0106799999999998,
            "count": 1,
            "self": 0.0106799999999998
        },
        "TrainerController.start_learning": {
            "total": 109.10382949999999,
            "count": 1,
            "self": 0.28747840000048086,
            "children": {
                "TrainerController._reset_env": {
                    "total": 12.2994142,
                    "count": 1,
                    "self": 12.2994142
                },
                "TrainerController.advance": {
                    "total": 95.9719783999995,
                    "count": 8750,
                    "self": 0.14918629999883137,
                    "children": {
                        "env_step": {
                            "total": 95.82279210000067,
                            "count": 8750,
                            "self": 88.51695960000143,
                            "children": {
                                "SubprocessEnvManager._take_step": {
                                    "total": 7.183028799999722,
                                    "count": 8750,
                                    "self": 0.27671509999917987,
                                    "children": {
                                        "TFPolicy.evaluate": {
                                            "total": 6.906313700000542,
                                            "count": 8327,
                                            "self": 6.906313700000542
                                        }
                                    }
                                },
                                "workers": {
                                    "total": 0.12280369999952612,
                                    "count": 8749,
                                    "self": 0.0,
                                    "children": {
                                        "worker_root": {
                                            "total": 97.38628269999997,
                                            "count": 8749,
                                            "is_parallel": true,
                                            "self": 20.535555200000488,
                                            "children": {
                                                "steps_from_proto": {
                                                    "total": 0.0007456999999995162,
                                                    "count": 1,
                                                    "is_parallel": true,
                                                    "self": 0.00018340000000094392,
                                                    "children": {
                                                        "_process_vector_observation": {
                                                            "total": 0.0005622999999985723,
                                                            "count": 6,
                                                            "is_parallel": true,
                                                            "self": 0.0005622999999985723
                                                        }
                                                    }
                                                },
                                                "UnityEnvironment.step": {
                                                    "total": 76.84998179999948,
                                                    "count": 8749,
                                                    "is_parallel": true,
                                                    "self": 1.220179599999156,
                                                    "children": {
                                                        "UnityEnvironment._generate_step_input": {
                                                            "total": 0.9822453000002991,
                                                            "count": 8749,
                                                            "is_parallel": true,
                                                            "self": 0.9822453000002991
                                                        },
                                                        "communicator.exchange": {
                                                            "total": 69.47454549999954,
                                                            "count": 8749,
                                                            "is_parallel": true,
                                                            "self": 69.47454549999954
                                                        },
                                                        "steps_from_proto": {
                                                            "total": 5.173011400000492,
                                                            "count": 8749,
                                                            "is_parallel": true,
                                                            "self": 1.0767695000012285,
                                                            "children": {
                                                                "_process_vector_observation": {
                                                                    "total": 4.096241899999264,
                                                                    "count": 52494,
                                                                    "is_parallel": true,
                                                                    "self": 4.096241899999264
                                                                }
                                                            }
                                                        }
                                                    }
                                                }
                                            }
                                        }
                                    }
                                }
                            }
                        }
                    }
                },
                "trainer_threads": {
                    "total": 2.5800000003073364e-05,
                    "count": 1,
                    "self": 2.5800000003073364e-05,
                    "children": {
                        "thread_root": {
                            "total": 0.0,
                            "count": 0,
                            "is_parallel": true,
                            "self": 0.0,
                            "children": {
                                "trainer_advance": {
                                    "total": 96.11736779999963,
                                    "count": 6589,
                                    "is_parallel": true,
                                    "self": 0.40620089999934805,
                                    "children": {
                                        "process_trajectory": {
                                            "total": 89.95892980000028,
                                            "count": 6589,