{
    "name": "root",
    "metadata": {
        "timer_format_version": "0.1.0",
        "start_time_seconds": "1606161940",
        "python_version": "3.7.9 (tags/v3.7.9:13c94747c7, Aug 17 2020, 18:58:18) [MSC v.1900 64 bit (AMD64)]",
        "command_line_arguments": "D:\\Projekty\\Unity\\aicitysimulation\\venv\\Scripts\\mlagents-learn config\\car_config.yaml --run-id=DriveToTarget_onStreet_PC_City_ppo_2 --train --time-scale=40 --force",
        "mlagents_version": "0.21.1",
        "mlagents_envs_version": "0.21.1",
        "communication_protocol_version": "1.2.0",
        "tensorflow_version": "2.3.1",
        "numpy_version": "1.19.3",
        "end_time_seconds": "1606162893"
    },
    "total": 952.9364188,
    "count": 1,
    "self": 0.005785099999911836,
    "children": {
        "run_training.setup": {
            "total": 0.019110100000000685,
            "count": 1,
            "self": 0.019110100000000685
        },
        "TrainerController.start_learning": {
            "total": 952.9115236,
            "count": 1,
            "self": 1.2249708999896711,
            "children": {
                "TrainerController._reset_env": {
                    "total": 8.181086599999999,
                    "count": 1,
                    "self": 8.181086599999999
                },
                "TrainerController.advance": {
                    "total": 942.6985497000104,
                    "count": 37593,
                    "self": 0.6634373000080132,
                    "children": {
                        "env_step": {
                            "total": 942.0351124000024,
                            "count": 37593,
                            "self": 889.5579086000035,
                            "children": {
                                "SubprocessEnvManager._take_step": {
                                    "total": 51.89546510000226,
                                    "count": 37593,
                                    "self": 2.165870199983516,
                                    "children": {
                                        "TFPolicy.evaluate": {
                                            "total": 49.729594900018746,
                                            "count": 36222,
                                            "self": 49.729594900018746
                                        }
                                    }
                                },
                                "workers": {
                                    "total": 0.5817386999965564,
                                    "count": 37592,
                                    "self": 0.0,
                                    "children": {
                                        "worker_root": {
                                            "total": 884.806719799996,
                                            "count": 37592,
                                            "is_parallel": true,
                                            "self": 134.82446560000324,
                                            "children": {
                                                "steps_from_proto": {
                                                    "total": 0.0015096999999997252,
                                                    "count": 1,
                                                    "is_parallel": true,
                                                    "self": 0.00016639999999945587,
                                                    "children": {
                                                        "_process_vector_observation": {
                                                            "total": 0.0013433000000002693,
                                                            "count": 6,
                                                            "is_parallel": true,
                                                            "self": 0.0013433000000002693
                                                        }
                                                    }
                                                },
                                                "UnityEnvironment.step": {
                                                    "total": 749.9807444999927,
                                                    "count": 37592,
                                                    "is_parallel": true,
                                                    "self": 12.261364599998615,
                                                    "children": {
                                                        "UnityEnvironment._generate_step_input": {
                                                            "total": 10.60277749999616,
                                                            "count": 37592,
                                                            "is_parallel": true,
                                                            "self": 10.60277749999616
                                                        },
                                                        "communicator.exchange": {
                                                            "total": 674.7303517999992,
                                                            "count": 37592,
                                                            "is_parallel": true,
                                                            "self": 674.7303517999992
                                                        },
                                                        "steps_from_proto": {
                                                            "total": 52.38625059999883,
                                                            "count": 37592,
                                                            "is_parallel": true,
                                                            "self": 5.552925299982405,
                                                            "children": {
                                                                "_process_vector_observation": {
                                                                    "total": 46.833325300016426,
                                                                    "count": 225552,
                                                                    "is_parallel": true,
                                                                    "self": 46.833325300016426
                                                                }
                                                            }
                                                        }
                                                    }
                                                }
                                            }
                                        }
                                    }
                                }
                            }
                        }
                    }
                },
                "TrainerController._save_models": {
                    "total": 0.8069163999999773,
                    "count": 1,
                    "self": 0.015244599999959974,
                    "children": {
                        "RLTrainer._checkpoint": {
                            "total": 0.7916718000000174,
                            "count": 1,
                            "self": 0.7916718000000174
                        }
                    }
                }
            }
        }
    }
}