{
    "name": "root",
    "gauges": {
        "Car.Policy.Entropy.mean": {
            "value": 1.3788660764694214,
            "min": 1.3685890436172485,
            "max": 1.420992374420166,
            "count": 250
        },
        "Car.Environment.EpisodeLength.mean": {
            "value": 615.3333333333334,
            "min": 114.9113924050633,
            "max": 1777.0,
            "count": 250
        },
        "Car.Policy.ExtrinsicValueEstimate.mean": {
            "value": 1.1926133632659912,
            "min": -0.540884256362915,
            "max": 1.1948555707931519,
            "count": 250
        },
        "Car.Environment.CumulativeReward.mean": {
            "value": 6.51021245302576,
            "min": -1.1450467126652877,
            "max": 7.0343106851495545,
            "count": 250
        },
        "Car.Policy.ExtrinsicReward.mean": {
            "value": 6.51021245302576,
            "min": -1.1450467126652877,
            "max": 7.0343106851495545,
            "count": 250
        },
        "Car.Losses.ValueLoss.mean": {
            "value": 0.01263425499200821,
            "min": 0.0016812039539217949,
            "max": 0.08851367980241776,
            "count": 250
        },
        "Car.Losses.PolicyLoss.mean": {
            "value": 0.027915677055716515,
            "min": 0.024556122720241547,
            "max": 0.07214890420436859,
            "count": 250
        },
        "Car.Policy.LearningRate.mean": {
            "value": 6.177670002216473e-07,
            "min": 6.177670002216473e-07,
            "max": 0.000299364619422704,
            "count": 250
        },
        "Car.Policy.Epsilon.mean": {
            "value": 0.10020588338375092,
            "min": 0.10020588338375092,
            "max": 0.1997881978750229,
            "count": 250
        },
        "Car.Policy.Beta.mean": {
            "value": 2.027386290137656e-05,
            "min": 2.027386290137656e-05,
            "max": 0.004989430774003267,
            "count": 250
        },
        "Car.IsTraining.mean": {
            "value": 1.0,
            "min": 1.0,
            "max": 1.0,
            "count": 250
        }
    },
    "metadata": {
        "timer_format_version": "0.1.0",
        "start_time_seconds": "1605457310",
        "python_version": "3.7.9 (tags/v3.7.9:13c94747c7, Aug 17 2020, 18:58:18) [MSC v.1900 64 bit (AMD64)]",
        "command_line_arguments": "D:\\Projekty\\Unity\\aicitysimulation\\venv\\Scripts\\mlagents-learn config\\car_config.yaml --run-id=DriveToTarget_onStreet_PC_City_sac_13 --train --time-scale=40 --force",
        "mlagents_version": "0.21.1",
        "mlagents_envs_version": "0.21.1",
        "communication_protocol_version": "1.2.0",
        "tensorflow_version": "2.3.1",
        "numpy_version": "1.19.3",
        "end_time_seconds": "1605463051"
    },
    "total": 5740.6495686,
    "count": 1,
    "self": 0.254928899999868,
    "children": {
        "run_training.setup": {
            "total": 0.010138599999999887,
            "count": 1,
            "self": 0.010138599999999887
        },
        "TrainerController.start_learning": {
            "total": 5740.3845011,
            "count": 1,
            "self": 5.734513200019137,
            "children": {
                "TrainerController._reset_env": {
                    "total": 7.415049,
                    "count": 1,
                    "self": 7.415049
                },
                "TrainerController.advance": {
                    "total": 5726.396015099981,
                    "count": 187832,
                    "self": 3.0880682999377314,
                    "children": {
                        "env_step": {
                            "total": 5723.307946800043,
                            "count": 187832,
                            "self": 5466.817192799954,
                            "children": {
                                "SubprocessEnvManager._take_step": {
                                    "total": 253.4974419000729,
                                    "count": 187832,
                                    "self": 11.245118799998295,
                                    "children": {
                                        "TFPolicy.evaluate": {
                                            "total": 242.2523231000746,
                                            "count": 178619,
                                            "self": 242.2523231000746
                                        }
                                    }
                                },
                                "workers": {
                                    "total": 2.9933121000166665,
                                    "count": 187832,
                                    "self": 0.0,
                                    "children": {
                                        "worker_root": {
                                            "total": 5728.5988439998855,
                                            "count": 187832,
                                            "is_parallel": true,
                                            "self": 684.9857330001723,
                                            "children": {
                                                "steps_from_proto": {
                                                    "total": 0.0016597000000002637,
                                                    "count": 1,
                                                    "is_parallel": true,
                                                    "self": 0.0001705000000011836,
                                                    "children": {
                                                        "_process_vector_observation": {
                                                            "total": 0.0014891999999990801,
                                                            "count": 6,
                                                            "is_parallel": true,
                                                            "self": 0.0014891999999990801
                                                        }
                                                    }
                                                },
                                                "UnityEnvironment.step": {
                                                    "total": 5043.611451299713,
                                                    "count": 187832,
                                                    "is_parallel": true,
                                                    "self": 67.01567559938212,
                                                    "children": {
                                                        "UnityEnvironment._generate_step_input": {
                                                            "total": 57.33260480015511,
                                                            "count": 187832,
                                                            "is_parallel": true,
                                                            "self": 57.33260480015511
                                                        },
                                                        "communicator.exchange": {
                                                            "total": 4633.252168700214,
                                                            "count": 187832,
                                                            "is_parallel": true,
                                                            "self": 4633.252168700214
                                                        },
                                                        "steps_from_proto": {
                                                            "total": 286.01100219996164,
                                                            "count": 187832,
                                                            "is_parallel": true,