{
    "name": "root",
    "gauges": {
        "Car.Policy.Entropy.mean": {
            "value": 1.3835021257400513,
            "min": 1.3835021257400513,
            "max": 1.4137356281280518,
            "count": 10
        },
        "Car.Environment.EpisodeLength.mean": {
            "value": 1274.0,
            "min": 106.87257019438445,
            "max": 1274.0,
            "count": 10
        },
        "Car.Policy.ExtrinsicValueEstimate.mean": {
            "value": 0.1316961646080017,
            "min": -4.070559978485107,
            "max": 0.15298056602478027,
            "count": 10
        },
        "Car.Environment.CumulativeReward.mean": {
            "value": 2.2616001416895806,
            "min": -0.9414017218515602,
            "max": 2.302315882803349,
            "count": 10
        },
        "Car.Policy.ExtrinsicReward.mean": {
            "value": 2.2616001416895806,
            "min": -0.9414017218515602,
            "max": 2.302315882803349,
            "count": 10
        },
        "Car.Losses.ValueLoss.mean": {
            "value": 0.007319924421608448,
            "min": 0.007319924421608448,
            "max": 2.260918378829956,
            "count": 10
        },
        "Car.Losses.PolicyLoss.mean": {
            "value": 0.024482956156134605,
            "min": 0.020544961094856262,
            "max": 0.026772087439894676,
            "count": 10
        },
        "Car.Policy.LearningRate.mean": {
            "value": 1.618725582375191e-05,
            "min": 1.618725582375191e-05,
            "max": 0.00028459157329052687,
            "count": 10
        },
        "Car.Policy.Epsilon.mean": {
            "value": 0.10539571195840836,
            "min": 0.10539571195840836,
            "max": 0.19486387073993683,
            "count": 10
        },
        "Car.Policy.Beta.mean": {
            "value": 0.0002792463928926736,
            "min": 0.0002792463928926736,
            "max": 0.004743705503642559,
            "count": 10
        },
        "Car.IsTraining.mean": {
            "value": 1.0,
            "min": 1.0,
            "max": 1.0,
            "count": 10
        }
    },
    "metadata": {
        "timer_format_version": "0.1.0",
        "start_time_seconds": "1606149812",
        "python_version": "3.7.9 (tags/v3.7.9:13c94747c7, Aug 17 2020, 18:58:18) [MSC v.1900 64 bit (AMD64)]",
        "command_line_arguments": "D:\\Projekty\\Unity\\aicitysimulation\\venv\\Scripts\\mlagents-learn config\\car_config_sac.yaml --run-id=DriveToTarget_onStreet_PC_City_sac_17 --train --time-scale=40",
        "mlagents_version": "0.21.1",
        "mlagents_envs_version": "0.21.1",
        "communication_protocol_version": "1.2.0",
        "tensorflow_version": "2.3.1",
        "numpy_version": "1.19.3",
        "end_time_seconds": "1606150747"
    },
    "total": 935.2610602,
    "count": 1,
    "self": 0.2333721999999625,
    "children": {
        "run_training.setup": {
            "total": 0.025411899999999932,
            "count": 1,
            "self": 0.025411899999999932
        },
        "TrainerController.start_learning": {
            "total": 935.0022761,
            "count": 1,
            "self": 2.549177499997768,
            "children": {
                "TrainerController._reset_env": {
                    "total": 23.170036999999997,
                    "count": 1,
                    "self": 23.170036999999997
                },
                "TrainerController.advance": {
                    "total": 908.8035599000023,
                    "count": 84661,
                    "self": 1.2760462000194366,
                    "children": {
                        "env_step": {
                            "total": 907.5275136999828,
                            "count": 84661,
                            "self": 842.3785575999989,
                            "children": {
                                "SubprocessEnvManager._take_step": {
                                    "total": 63.931856499999974,
                                    "count": 84661,
                                    "self": 2.40833790002047,
                                    "children": {
                                        "TFPolicy.evaluate": {
                                            "total": 61.523518599979504,
                                            "count": 83402,
                                            "self": 61.523518599979504
                                        }
                                    }
                                },
                                "workers": {
                                    "total": 1.2170995999840244,
                                    "count": 84661,
                                    "self": 0.0,
                                    "children": {
                                        "worker_root": {
                                            "total": 910.1572449999858,
                                            "count": 84661,
                                            "is_parallel": true,
                                            "self": 183.1702067999936,
                                            "children": {
                                                "steps_from_proto": {
                                                    "total": 0.0006872999999991691,
                                                    "count": 1,
                                                    "is_parallel": true,
                                                    "self": 0.000138700000004377,
                                                    "children": {
                                                        "_process_vector_observation": {
                                                            "total": 0.0005485999999947921,
                                                            "count": 6,
                                                            "is_parallel": true,
                                                            "self": 0.0005485999999947921
                                                        }
                                                    }
                                                },
                                                "UnityEnvironment.step": {
                                                    "total": 726.9863508999922,
                                                    "count": 84661,
                                                    "is_parallel": true,
                                                    "self": 11.43465039998,
                                                    "children": {
                                                        "UnityEnvironment._generate_step_input": {
                                                            "total": 8.876019400008499,
                                                            "count": 84661,
                                                            "is_parallel": true,
                                                            "self": 8.876019400008499
                                                        },
                                                        "communicator.exchange": {
                                                            "total": 657.449783500004,
                                                            "count": 84661,
                                                            "is_parallel": true,
                                                            "self": 657.449783500004
                                                        },
                                                        "steps_from_proto": {
                                                            "total": 49.22589759999977,
                                                            "count": 84661,
                                                            "is_parallel": true,