{
    "name": "root",
    "metadata": {
        "timer_format_version": "0.1.0",
        "start_time_seconds": "1605267141",
        "python_version": "3.7.9 (tags/v3.7.9:13c94747c7, Aug 17 2020, 18:58:18) [MSC v.1900 64 bit (AMD64)]",
        "command_line_arguments": "D:\\Projekty\\Unity\\aicitysimulation\\venv\\Scripts\\mlagents-learn config\\car_config.yaml --run-id=DriveToTarget_onStreet_PC_ppo_3 --train --time-scale=20",
        "mlagents_version": "0.21.1",
        "mlagents_envs_version": "0.21.1",
        "communication_protocol_version": "1.2.0",
        "tensorflow_version": "2.3.1",
        "numpy_version": "1.19.3",
        "end_time_seconds": "1605267179"
    },
    "total": 38.4286253,
    "count": 1,
    "self": 0.0055373999999943635,
    "children": {
        "run_training.setup": {
            "total": 0.012822099999999725,
            "count": 1,
            "self": 0.012822099999999725
        },
        "TrainerController.start_learning": {
            "total": 38.410265800000005,
            "count": 1,
            "self": 0.16418630000001855,
            "children": {
                "TrainerController._reset_env": {
                    "total": 15.458916399999998,
                    "count": 1,
                    "self": 15.458916399999998
                },
                "TrainerController.advance": {
                    "total": 21.878616799999993,
                    "count": 3501,
                    "self": 0.056999200000078076,
                    "children": {
                        "env_step": {
                            "total": 21.821617599999914,
                            "count": 3501,
                            "self": 18.093154900000226,
                            "children": {
                                "SubprocessEnvManager._take_step": {
                                    "total": 3.682943000000062,
                                    "count": 3501,
                                    "self": 0.10831949999997903,
                                    "children": {
                                        "TFPolicy.evaluate": {
                                            "total": 3.574623500000083,
                                            "count": 3501,
                                            "self": 3.574623500000083
                                        }
                                    }
                                },
                                "workers": {
                                    "total": 0.045519699999626795,
                                    "count": 3500,
                                    "self": 0.0,
                                    "children": {
                                        "worker_root": {
                                            "total": 24.015813700000066,
                                            "count": 3500,
                                            "is_parallel": true,
                                            "self": 9.06891519999991,
                                            "children": {
                                                "steps_from_proto": {
                                                    "total": 0.0004334000000003613,
                                                    "count": 1,
                                                    "is_parallel": true,
                                                    "self": 0.00013299999999993872,
                                                    "children": {
                                                        "_process_vector_observation": {
                                                            "total": 0.00030040000000042255,
                                                            "count": 6,
                                                            "is_parallel": true,
                                                            "self": 0.00030040000000042255
                                                        }
                                                    }
                                                },
                                                "UnityEnvironment.step": {
                                                    "total": 14.946465100000156,
                                                    "count": 3500,
                                                    "is_parallel": true,
                                                    "self": 0.2916306000002784,
                                                    "children": {
                                                        "UnityEnvironment._generate_step_input": {
                                                            "total": 0.22075379999992428,
                                                            "count": 3500,
                                                            "is_parallel": true,
                                                            "self": 0.22075379999992428
                                                        },
                                                        "communicator.exchange": {
                                                            "total": 13.241606600000107,
                                                            "count": 3500,
                                                            "is_parallel": true,
                                                            "self": 13.241606600000107
                                                        },
                                                        "steps_from_proto": {
                                                            "total": 1.1924740999998455,
                                                            "count": 3500,
                                                            "is_parallel": true,
                                                            "self": 0.4002087999999997,
                                                            "children": {
                                                                "_process_vector_observation": {
                                                                    "total": 0.7922652999998459,
                                                                    "count": 21000,
                                                                    "is_parallel": true,
                                                                    "self": 0.7922652999998459
                                                                }
                                                            }
                                                        }
                                                    }
                                                }
                                            }
                                        }
                                    }
                                }
                            }
                        }
                    }
                },
                "trainer_threads": {
                    "total": 2.6800000000548607e-05,
                    "count": 1,
                    "self": 2.6800000000548607e-05,
                    "children": {
                        "thread_root": {
                            "total": 0.0,
                            "count": 0,
                            "is_parallel": true,
                            "self": 0.0,
                            "children": {
                                "trainer_advance": {
                                    "total": 22.01046670000009,
                                    "count": 1374,
                                    "is_parallel": true,
                                    "self": 0.10714740000018352,
                                    "children": {
                                        "process_trajectory": {
                                            "total": 20.864278999999904,