{
    "name": "root",
    "gauges": {
        "Car.Policy.Entropy.mean": {
            "value": 1.8845964670181274,
            "min": 1.4159513711929321,
            "max": 1.8856927156448364,
            "count": 99
        },
        "Car.Environment.EpisodeLength.mean": {
            "value": 386.7843137254902,
            "min": 28.272727272727273,
            "max": 388.27450980392155,
            "count": 99
        },
        "Car.Policy.ExtrinsicValueEstimate.mean": {
            "value": 3.8280389308929443,
            "min": 0.23869194090366364,
            "max": 4.27258825302124,
            "count": 99
        },
        "Car.Environment.CumulativeReward.mean": {
            "value": 14.891371619467641,
            "min": -0.7617276758555525,
            "max": 14.891371619467641,
            "count": 99
        },
        "Car.Policy.ExtrinsicReward.mean": {
            "value": 14.891371619467641,
            "min": -0.7617276758555525,
            "max": 14.891371619467641,
            "count": 99
        },
        "Car.Losses.ValueLoss.mean": {
            "value": 0.2708348035812378,
            "min": 0.036142993718385696,
            "max": 6.192501068115234,
            "count": 99
        },
        "Car.Losses.PolicyLoss.mean": {
            "value": 0.03848090022802353,
            "min": 0.03535563498735428,
            "max": 0.9218807816505432,
            "count": 99
        },
        "Car.Policy.LearningRate.mean": {
            "value": 0.0001817734882934019,
            "min": 0.0001817734882934019,
            "max": 0.00029941406683064997,
            "count": 99
        },
        "Car.Policy.Epsilon.mean": {
            "value": 0.16059112548828125,
            "min": 0.16059112548828125,
            "max": 0.19980467855930328,
            "count": 99
        },
        "Car.Policy.Beta.mean": {
            "value": 0.0030334978364408016,
            "min": 0.0030334978364408016,
            "max": 0.004990254063159227,
            "count": 99
        },
        "Car.IsTraining.mean": {
            "value": 1.0,
            "min": 1.0,
            "max": 1.0,
            "count": 99
        }
    },
    "metadata": {
        "timer_format_version": "0.1.0",
        "start_time_seconds": "1605360815",
        "python_version": "3.7.9 (tags/v3.7.9:13c94747c7, Aug 17 2020, 18:58:18) [MSC v.1900 64 bit (AMD64)]",
        "command_line_arguments": "D:\\Projekty\\Unity\\aicitysimulation\\venv\\Scripts\\mlagents-learn config\\car_config.yaml --run-id=DriveToTarget_onStreet_PC_City_sac_3 --train --time-scale=40 --force",
        "mlagents_version": "0.21.1",
        "mlagents_envs_version": "0.21.1",
        "communication_protocol_version": "1.2.0",
        "tensorflow_version": "2.3.1",
        "numpy_version": "1.19.3",
        "end_time_seconds": "1605368232"
    },
    "total": 7417.383388200001,
    "count": 1,
    "self": 23.071870300000228,
    "children": {
        "run_training.setup": {
            "total": 0.01013950000000019,
            "count": 1,
            "self": 0.01013950000000019
        },
        "TrainerController.start_learning": {
            "total": 7394.3013784,
            "count": 1,
            "self": 15.916737200112038,
            "children": {
                "TrainerController._reset_env": {
                    "total": 29.1331428,
                    "count": 1,
                    "self": 29.1331428
                },
                "TrainerController.advance": {
                    "total": 7345.186530199888,
                    "count": 514675,
                    "self": 8.336654099845873,
                    "children": {
                        "env_step": {
                            "total": 7336.849876100042,
                            "count": 514675,
                            "self": 6795.370730300281,
                            "children": {
                                "SubprocessEnvManager._take_step": {
                                    "total": 533.9526721998185,
                                    "count": 514675,
                                    "self": 18.19778889966699,
                                    "children": {
                                        "TFPolicy.evaluate": {
                                            "total": 515.7548833001515,
                                            "count": 500287,
                                            "self": 515.7548833001515
                                        }
                                    }
                                },
                                "workers": {
                                    "total": 7.52647359994215,
                                    "count": 514674,
                                    "self": 0.0,
                                    "children": {
                                        "worker_root": {
                                            "total": 7347.436986600021,
                                            "count": 514674,
                                            "is_parallel": true,
                                            "self": 1110.790769800171,
                                            "children": {
                                                "steps_from_proto": {
                                                    "total": 0.0005598999999989474,
                                                    "count": 1,
                                                    "is_parallel": true,
                                                    "self": 0.00013999999999825263,
                                                    "children": {
                                                        "_process_vector_observation": {
                                                            "total": 0.0004199000000006947,
                                                            "count": 6,
                                                            "is_parallel": true,
                                                            "self": 0.0004199000000006947
                                                        }
                                                    }
                                                },
                                                "UnityEnvironment.step": {
                                                    "total": 6236.64565689985,
                                                    "count": 514674,
                                                    "is_parallel": true,
                                                    "self": 59.01589469914961,
                                                    "children": {
                                                        "UnityEnvironment._generate_step_input": {
                                                            "total": 49.077310500183046,
                                                            "count": 514674,
                                                            "is_parallel": true,
                                                            "self": 49.077310500183046
                                                        },
                                                        "communicator.exchange": {
                                                            "total": 5889.605745200266,
                                                            "count": 514674,
                                                            "is_parallel": true,
                                                            "self": 5889.605745200266
                                                        },
                                                        "steps_from_proto": {
                                                            "total": 238.94670650025222,
                                                            "count": 514674,
                                                            "is_parallel": true,