{
    "name": "root",
    "metadata": {
        "timer_format_version": "0.1.0",
        "start_time_seconds": "1605267371",
        "python_version": "3.7.9 (tags/v3.7.9:13c94747c7, Aug 17 2020, 18:58:18) [MSC v.1900 64 bit (AMD64)]",
        "command_line_arguments": "D:\\Projekty\\Unity\\aicitysimulation\\venv\\Scripts\\mlagents-learn config\\car_config.yaml --run-id=DriveToTarget_onStreet_PC_ppo_4 --train --time-scale=20",
        "mlagents_version": "0.21.1",
        "mlagents_envs_version": "0.21.1",
        "communication_protocol_version": "1.2.0",
        "tensorflow_version": "2.3.1",
        "numpy_version": "1.19.3",
        "end_time_seconds": "1605267408"
    },
    "total": 36.906592700000004,
    "count": 1,
    "self": 0.005224200000000678,
    "children": {
        "run_training.setup": {
            "total": 0.010672800000000038,
            "count": 1,
            "self": 0.010672800000000038
        },
        "TrainerController.start_learning": {
            "total": 36.8906957,
            "count": 1,
            "self": 0.1397217999998972,
            "children": {
                "TrainerController._reset_env": {
                    "total": 16.4280505,
                    "count": 1,
                    "self": 16.4280505
                },
                "TrainerController.advance": {
                    "total": 19.4258429000001,
                    "count": 3151,
                    "self": 0.04965250000005028,
                    "children": {
                        "env_step": {
                            "total": 19.37619040000005,
                            "count": 3151,
                            "self": 16.025954899999896,
                            "children": {
                                "SubprocessEnvManager._take_step": {
                                    "total": 3.309083000000008,
                                    "count": 3151,
                                    "self": 0.10016989999984816,
                                    "children": {
                                        "TFPolicy.evaluate": {
                                            "total": 3.20891310000016,
                                            "count": 3151,
                                            "self": 3.20891310000016
                                        }
                                    }
                                },
                                "workers": {
                                    "total": 0.0411525000001447,
                                    "count": 3150,
                                    "self": 0.0,
                                    "children": {
                                        "worker_root": {
                                            "total": 21.528912400000074,
                                            "count": 3150,
                                            "is_parallel": true,
                                            "self": 8.36737840000007,
                                            "children": {
                                                "steps_from_proto": {
                                                    "total": 0.00042990000000031614,
                                                    "count": 1,
                                                    "is_parallel": true,
                                                    "self": 0.0001292000000034932,
                                                    "children": {
                                                        "_process_vector_observation": {
                                                            "total": 0.00030069999999682295,
                                                            "count": 6,
                                                            "is_parallel": true,
                                                            "self": 0.00030069999999682295
                                                        }
                                                    }
                                                },
                                                "UnityEnvironment.step": {
                                                    "total": 13.161104100000003,
                                                    "count": 3150,
                                                    "is_parallel": true,
                                                    "self": 0.2609884000000875,
                                                    "children": {
                                                        "UnityEnvironment._generate_step_input": {
                                                            "total": 0.19478429999999136,
                                                            "count": 3150,
                                                            "is_parallel": true,
                                                            "self": 0.19478429999999136
                                                        },
                                                        "communicator.exchange": {
                                                            "total": 11.62685539999993,
                                                            "count": 3150,
                                                            "is_parallel": true,
                                                            "self": 11.62685539999993
                                                        },
                                                        "steps_from_proto": {
                                                            "total": 1.0784759999999949,
                                                            "count": 3150,
                                                            "is_parallel": true,
                                                            "self": 0.3618307999997086,
                                                            "children": {
                                                                "_process_vector_observation": {
                                                                    "total": 0.7166452000002863,
                                                                    "count": 18900,
                                                                    "is_parallel": true,
                                                                    "self": 0.7166452000002863
                                                                }
                                                            }
                                                        }
                                                    }
                                                }
                                            }
                                        }
                                    }
                                }
                            }
                        }
                    }
                },
                "trainer_threads": {
                    "total": 2.6200000000642376e-05,
                    "count": 1,
                    "self": 2.6200000000642376e-05,
                    "children": {
                        "thread_root": {
                            "total": 0.0,
                            "count": 0,
                            "is_parallel": true,
                            "self": 0.0,
                            "children": {
                                "trainer_advance": {
                                    "total": 19.536851999999865,
                                    "count": 1222,
                                    "is_parallel": true,
                                    "self": 0.09836839999998048,
                                    "children": {
                                        "process_trajectory": {
                                            "total": 18.55989419999988,
                                            "count": 1222,