{
    "name": "root",
    "gauges": {
        "Car.Policy.Entropy.mean": {
            "value": 1.4526616334915161,
            "min": 1.4162830114364624,
            "max": 1.4526616334915161,
            "count": 18
        },
        "Car.Policy.ExtrinsicValueEstimate.mean": {
            "value": 0.0031017393339425325,
            "min": -0.17003709077835083,
            "max": 0.05411195755004883,
            "count": 18
        },
        "Car.Environment.EpisodeLength.mean": {
            "value": 1008.7894736842105,
            "min": 324.12068965517244,
            "max": 1572.4615384615386,
            "count": 18
        },
        "Car.Environment.CumulativeReward.mean": {
            "value": -0.5421052539819166,
            "min": -0.8965517201557242,
            "max": 0.4153846273055443,
            "count": 18
        },
        "Car.Policy.ExtrinsicReward.mean": {
            "value": -0.5421052539819166,
            "min": -0.8965517201557242,
            "max": 0.4153846273055443,
            "count": 18
        },
        "Car.Losses.ValueLoss.mean": {
            "value": 0.003137913765385747,
            "min": 0.0013893097639083862,
            "max": 0.013252166099846363,
            "count": 18
        },
        "Car.Losses.PolicyLoss.mean": {
            "value": 0.025943534448742867,
            "min": 0.01867358386516571,
            "max": 0.045103318989276886,
            "count": 18
        },
        "Car.Policy.LearningRate.mean": {
            "value": 0.000279001600574702,
            "min": 0.000279001600574702,
            "max": 0.00029938953230157495,
            "count": 18
        },
        "Car.Policy.Epsilon.mean": {
            "value": 0.19300051033496857,
            "min": 0.19300051033496857,
            "max": 0.19979652762413025,
            "count": 18
        },
        "Car.Policy.Beta.mean": {
            "value": 0.004650725517421961,
            "min": 0.004650725517421961,
            "max": 0.0049898456782102585,
            "count": 18
        },
        "Car.IsTraining.mean": {
            "value": 1.0,
            "min": 1.0,
            "max": 1.0,
            "count": 18
        }
    },
    "metadata": {
        "timer_format_version": "0.1.0",
        "start_time_seconds": "1605281588",
        "python_version": "3.7.9 (tags/v3.7.9:13c94747c7, Aug 17 2020, 18:58:18) [MSC v.1900 64 bit (AMD64)]",
        "command_line_arguments": "D:\\Projekty\\Unity\\aicitysimulation\\venv\\Scripts\\mlagents-learn config\\car_config.yaml --run-id=DriveToTarget_onStreet_PC_sac_7 --train --time-scale=5",
        "mlagents_version": "0.21.1",
        "mlagents_envs_version": "0.21.1",
        "communication_protocol_version": "1.2.0",
        "tensorflow_version": "2.3.1",
        "numpy_version": "1.19.3",
        "end_time_seconds": "1605282635"
    },
    "total": 1046.8198711,
    "count": 1,
    "self": 0.005855000000110522,
    "children": {
        "run_training.setup": {
            "total": 0.010562900000000042,
            "count": 1,
            "self": 0.010562900000000042
        },
        "TrainerController.start_learning": {
            "total": 1046.8034532,
            "count": 1,
            "self": 4.13514790000886,
            "children": {
                "TrainerController._reset_env": {
                    "total": 20.057270900000002,
                    "count": 1,
                    "self": 20.057270900000002
                },
                "TrainerController.advance": {
                    "total": 1021.6801353999912,
                    "count": 125413,
                    "self": 2.188125499987791,
                    "children": {
                        "env_step": {
                            "total": 1019.4920099000034,
                            "count": 125413,
                            "self": 877.5901717000141,
                            "children": {
                                "SubprocessEnvManager._take_step": {
                                    "total": 139.94026350000547,
                                    "count": 125413,
                                    "self": 4.528407000029205,
                                    "children": {
                                        "TFPolicy.evaluate": {
                                            "total": 135.41185649997627,
                                            "count": 125413,
                                            "self": 135.41185649997627
                                        }
                                    }
                                },
                                "workers": {
                                    "total": 1.9615746999837356,
                                    "count": 125412,
                                    "self": 0.0,
                                    "children": {
                                        "worker_root": {
                                            "total": 1024.1818588999997,
                                            "count": 125412,
                                            "is_parallel": true,
                                            "self": 285.6793032999915,
                                            "children": {
                                                "steps_from_proto": {
                                                    "total": 0.000498199999999116,
                                                    "count": 1,
                                                    "is_parallel": true,
                                                    "self": 0.0001375000000010118,
                                                    "children": {
                                                        "_process_vector_observation": {
                                                            "total": 0.0003606999999981042,
                                                            "count": 6,
                                                            "is_parallel": true,
                                                            "self": 0.0003606999999981042
                                                        }
                                                    }
                                                },
                                                "UnityEnvironment.step": {
                                                    "total": 738.5020574000082,
                                                    "count": 125412,
                                                    "is_parallel": true,
                                                    "self": 13.14493680004,
                                                    "children": {
                                                        "UnityEnvironment._generate_step_input": {
                                                            "total": 11.171850199977222,
                                                            "count": 125412,
                                                            "is_parallel": true,
                                                            "self": 11.171850199977222
                                                        },
                                                        "communicator.exchange": {
                                                            "total": 660.3547768999861,
                                                            "count": 125412,
                                                            "is_parallel": true,
                                                            "self": 660.3547768999861
                                                        },
                                                        "steps_from_proto": {
                                                            "total": 53.83049350000492,
                                                            "count": 125412,
                                                            "is_parallel": true,