{
    "name": "root",
    "gauges": {
        "Car.Policy.Entropy.mean": {
            "value": 1.5500915050506592,
            "min": 1.4090758562088013,
            "max": 1.5500915050506592,
            "count": 250
        },
        "Car.Environment.EpisodeLength.mean": {
            "value": 183.9537037037037,
            "min": 72.48314606741573,
            "max": 407.0208333333333,
            "count": 250
        },
        "Car.Policy.ExtrinsicValueEstimate.mean": {
            "value": -0.2745491564273834,
            "min": -0.5016196966171265,
            "max": 0.20170308649539948,
            "count": 250
        },
        "Car.Environment.CumulativeReward.mean": {
            "value": -0.6999999779380031,
            "min": -0.8887640329894055,
            "max": 0.7000000104308128,
            "count": 250
        },
        "Car.Policy.ExtrinsicReward.mean": {
            "value": -0.6999999779380031,
            "min": -0.8887640329894055,
            "max": 0.7000000104308128,
            "count": 250
        },
        "Car.Losses.ValueLoss.mean": {
            "value": 0.0014078023377805948,
            "min": 7.04346757629537e-06,
            "max": 0.046893127262592316,
            "count": 250
        },
        "Car.Losses.PolicyLoss.mean": {
            "value": 0.04123653098940849,
            "min": 0.019486919045448303,
            "max": 0.10729285329580307,
            "count": 250
        },
        "Car.Policy.LearningRate.mean": {
            "value": 5.782786161034892e-07,
            "min": 5.782786161034892e-07,
            "max": 0.0002994295209646225,
            "count": 250
        },
        "Car.Policy.Epsilon.mean": {
            "value": 0.10019272565841675,
            "min": 0.10019272565841675,
            "max": 0.19980984926223755,
            "count": 250
        },
        "Car.Policy.Beta.mean": {
            "value": 1.961704037967138e-05,
            "min": 1.961704037967138e-05,
            "max": 0.004990510642528534,
            "count": 250
        },
        "Car.IsTraining.mean": {
            "value": 1.0,
            "min": 1.0,
            "max": 1.0,
            "count": 250
        }
    },
    "metadata": {
        "timer_format_version": "0.1.0",
        "start_time_seconds": "1605299659",
        "python_version": "3.7.9 (tags/v3.7.9:13c94747c7, Aug 17 2020, 18:58:18) [MSC v.1900 64 bit (AMD64)]",
        "command_line_arguments": "D:\\Projekty\\Unity\\aicitysimulation\\venv\\Scripts\\mlagents-learn config\\car_config.yaml --run-id=DriveToTarget_onStreet_PC_sac_14 --train --force",
        "mlagents_version": "0.21.1",
        "mlagents_envs_version": "0.21.1",
        "communication_protocol_version": "1.2.0",
        "tensorflow_version": "2.3.1",
        "numpy_version": "1.19.3",
        "end_time_seconds": "1605308622"
    },
    "total": 8962.3502054,
    "count": 1,
    "self": 1.029699900000196,
    "children": {
        "run_training.setup": {
            "total": 0.010774599999999968,
            "count": 1,
            "self": 0.010774599999999968
        },
        "TrainerController.start_learning": {
            "total": 8961.3097309,
            "count": 1,
            "self": 26.763614600376968,
            "children": {
                "TrainerController._reset_env": {
                    "total": 22.800884600000003,
                    "count": 1,
                    "self": 22.800884600000003
                },
                "TrainerController.advance": {
                    "total": 8911.006860799625,
                    "count": 849117,
                    "self": 14.28543419934067,
                    "children": {
                        "env_step": {
                            "total": 8896.721426600285,
                            "count": 849117,
                            "self": 7942.28351479999,
                            "children": {
                                "SubprocessEnvManager._take_step": {
                                    "total": 941.5126821001018,
                                    "count": 849117,
                                    "self": 32.66369129986708,
                                    "children": {
                                        "TFPolicy.evaluate": {
                                            "total": 908.8489908002347,
                                            "count": 833404,
                                            "self": 908.8489908002347
                                        }
                                    }
                                },
                                "workers": {
                                    "total": 12.925229700192268,
                                    "count": 849117,
                                    "self": 0.0,
                                    "children": {
                                        "worker_root": {
                                            "total": 8914.817350900115,
                                            "count": 849117,
                                            "is_parallel": true,
                                            "self": 2044.4137971998061,
                                            "children": {
                                                "steps_from_proto": {
                                                    "total": 0.0006149000000021942,
                                                    "count": 1,
                                                    "is_parallel": true,
                                                    "self": 0.00014029999999820575,
                                                    "children": {
                                                        "_process_vector_observation": {
                                                            "total": 0.0004746000000039885,
                                                            "count": 6,
                                                            "is_parallel": true,
                                                            "self": 0.0004746000000039885
                                                        }
                                                    }
                                                },
                                                "UnityEnvironment.step": {
                                                    "total": 6870.402938800309,
                                                    "count": 849117,
                                                    "is_parallel": true,
                                                    "self": 107.9071003008712,
                                                    "children": {
                                                        "UnityEnvironment._generate_step_input": {
                                                            "total": 100.11464649972642,
                                                            "count": 849117,
                                                            "is_parallel": true,
                                                            "self": 100.11464649972642
                                                        },
                                                        "communicator.exchange": {
                                                            "total": 6212.0421373995605,
                                                            "count": 849117,
                                                            "is_parallel": true,
                                                            "self": 6212.0421373995605
                                                        },
                                                        "steps_from_proto": {
                                                            "total": 450.3390546001509,
                                                            "count": 849117,
                                                            "is_parallel": true,