{
    "name": "root",
    "gauges": {
        "Car.Policy.Entropy.mean": {
            "value": 1.4098687171936035,
            "min": 1.4039238691329956,
            "max": 1.419006586074829,
            "count": 6
        },
        "Car.Policy.ExtrinsicValueEstimate.mean": {
            "value": 17.75962257385254,
            "min": 9.395493507385254,
            "max": 19.734222412109375,
            "count": 6
        },
        "Car.Losses.ValueLoss.mean": {
            "value": 28.967769622802734,
            "min": 24.049381256103516,
            "max": 38.02858352661133,
            "count": 6
        },
        "Car.Losses.PolicyLoss.mean": {
            "value": 0.24821342527866364,
            "min": 0.24060004949569702,
            "max": 0.25147461891174316,
            "count": 6
        },
        "Car.Policy.LearningRate.mean": {
            "value": 0.0002983466547448188,
            "min": 0.0002983466547448188,
            "max": 0.00029980894760228693,
            "count": 6
        },
        "Car.Policy.Epsilon.mean": {
            "value": 0.19944888353347778,
            "min": 0.19944888353347778,
            "max": 0.19993633031845093,
            "count": 6
        },
        "Car.Policy.Beta.mean": {
            "value": 0.0004972994793206453,
            "min": 0.0004972994793206453,
            "max": 0.0004996879142709076,
            "count": 6
        },
        "Car.Environment.EpisodeLength.mean": {
            "value": 190.8793103448276,
            "min": 148.06349206349208,
            "max": 221.25,
            "count": 6
        },
        "Car.Environment.CumulativeReward.mean": {
            "value": 70.60690239996745,
            "min": 56.17183568045287,
            "max": 72.71000589326025,
            "count": 6
        },
        "Car.Policy.ExtrinsicReward.mean": {
            "value": 70.60690239996745,
            "min": 56.17183568045287,
            "max": 72.71000589326025,
            "count": 6
        },
        "Car.IsTraining.mean": {
            "value": 1.0,
            "min": 1.0,
            "max": 1.0,
            "count": 6
        }
    },
    "metadata": {
        "timer_format_version": "0.1.0",
        "start_time_seconds": "1605089739",
        "python_version": "3.7.9 (tags/v3.7.9:13c94747c7, Aug 17 2020, 18:58:18) [MSC v.1900 64 bit (AMD64)]",
        "command_line_arguments": "D:\\Projekty\\Unity\\aicitysimulation\\venv\\Scripts\\mlagents-learn config\\car_config.yaml --run-id=DriveToTarget_2",
        "mlagents_version": "0.21.1",
        "mlagents_envs_version": "0.21.1",
        "communication_protocol_version": "1.2.0",
        "tensorflow_version": "2.3.1",
        "numpy_version": "1.18.5",
        "end_time_seconds": "1605089865"
    },
    "total": 126.8841557,
    "count": 1,
    "self": 0.005274000000000001,
    "children": {
        "run_training.setup": {
            "total": 0.009983400000000309,
            "count": 1,
            "self": 0.009983400000000309
        },
        "TrainerController.start_learning": {
            "total": 126.8688983,
            "count": 1,
            "self": 0.28001090000054774,
            "children": {
                "TrainerController._reset_env": {
                    "total": 10.383897999999999,
                    "count": 1,
                    "self": 10.383897999999999
                },
                "TrainerController.advance": {
                    "total": 115.52973599999947,
                    "count": 5954,
                    "self": 0.10036669999959713,
                    "children": {
                        "env_step": {
                            "total": 115.42936929999988,
                            "count": 5954,
                            "self": 110.00201949999911,
                            "children": {
                                "SubprocessEnvManager._take_step": {
                                    "total": 5.33676210000055,
                                    "count": 5954,
                                    "self": 0.1981266000004691,
                                    "children": {
                                        "TFPolicy.evaluate": {
                                            "total": 5.138635500000081,
                                            "count": 5637,
                                            "self": 5.138635500000081
                                        }
                                    }
                                },
                                "workers": {
                                    "total": 0.09058770000021887,
                                    "count": 5953,
                                    "self": 0.0,
                                    "children": {
                                        "worker_root": {
                                            "total": 117.00084489999988,
                                            "count": 5953,
                                            "is_parallel": true,
                                            "self": 18.00007230000041,
                                            "children": {
                                                "steps_from_proto": {
                                                    "total": 0.0008309999999998041,
                                                    "count": 1,
                                                    "is_parallel": true,
                                                    "self": 0.00015149999999763963,
                                                    "children": {
                                                        "_process_vector_observation": {
                                                            "total": 0.0006795000000021645,
                                                            "count": 8,
                                                            "is_parallel": true,
                                                            "self": 0.0006795000000021645
                                                        }
                                                    }
                                                },
                                                "UnityEnvironment.step": {
                                                    "total": 98.99994159999946,
                                                    "count": 5953,
                                                    "is_parallel": true,
                                                    "self": 1.1914186999995309,
                                                    "children": {
                                                        "UnityEnvironment._generate_step_input": {
                                                            "total": 1.0022793000000387,
                                                            "count": 5953,
                                                            "is_parallel": true,
                                                            "self": 1.0022793000000387
                                                        },
                                                        "communicator.exchange": {
                                                            "total": 92.21030959999995,
                                                            "count": 5953,
                                                            "is_parallel": true,
                                                            "self": 92.21030959999995
                                                        },
                                                        "steps_from_proto": {
                                                            "total": 4.595933999999941,
                                                            "count": 5953,
                                                            "is_parallel": true,
                                                            "self": 0.8821705999990854,