{
    "name": "root",
    "metadata": {
        "timer_format_version": "0.1.0",
        "start_time_seconds": "1606157513",
        "python_version": "3.7.9 (tags/v3.7.9:13c94747c7, Aug 17 2020, 18:58:18) [MSC v.1900 64 bit (AMD64)]",
        "command_line_arguments": "D:\\Projekty\\Unity\\aicitysimulation\\venv\\Scripts\\mlagents-learn config\\car_config.yaml --run-id=DriveToTarget_onStreet_PC_City_sac_20 --train --time-scale=40 --force",
        "mlagents_version": "0.21.1",
        "mlagents_envs_version": "0.21.1",
        "communication_protocol_version": "1.2.0",
        "tensorflow_version": "2.3.1",
        "numpy_version": "1.19.3",
        "end_time_seconds": "1606159627"
    },
    "total": 2114.4247516,
    "count": 1,
    "self": 0.78151489999982,
    "children": {
        "run_training.setup": {
            "total": 0.5009866000000045,
            "count": 1,
            "self": 0.5009866000000045
        },
        "TrainerController.start_learning": {
            "total": 2113.1422501,
            "count": 1,
            "self": 5.374916799998573,
            "children": {
                "TrainerController._reset_env": {
                    "total": 46.38349729999999,
                    "count": 1,
                    "self": 46.38349729999999
                },
                "TrainerController.advance": {
                    "total": 2060.553997500002,
                    "count": 165851,
                    "self": 2.7945976999740196,
                    "children": {
                        "env_step": {
                            "total": 2057.759399800028,
                            "count": 165851,
                            "self": 1868.743241600076,
                            "children": {
                                "SubprocessEnvManager._take_step": {
                                    "total": 186.4528751999866,
                                    "count": 165851,
                                    "self": 6.153698799995851,
                                    "children": {
                                        "TFPolicy.evaluate": {
                                            "total": 180.29917639999076,
                                            "count": 164339,
                                            "self": 180.29917639999076
                                        }
                                    }
                                },
                                "workers": {
                                    "total": 2.5632829999653097,
                                    "count": 165851,
                                    "self": 0.0,
                                    "children": {
                                        "worker_root": {
                                            "total": 2065.2868650999803,
                                            "count": 165851,
                                            "is_parallel": true,
                                            "self": 412.9882745999387,
                                            "children": {
                                                "steps_from_proto": {
                                                    "total": 0.042510200000002385,
                                                    "count": 1,
                                                    "is_parallel": true,
                                                    "self": 0.00017290000000258487,
                                                    "children": {
                                                        "_process_vector_observation": {
                                                            "total": 0.0423372999999998,
                                                            "count": 6,
                                                            "is_parallel": true,
                                                            "self": 0.0423372999999998
                                                        }
                                                    }
                                                },
                                                "UnityEnvironment.step": {
                                                    "total": 1652.2560803000417,
                                                    "count": 165851,
                                                    "is_parallel": true,
                                                    "self": 24.64623400001028,
                                                    "children": {
                                                        "UnityEnvironment._generate_step_input": {
                                                            "total": 18.390275300001967,
                                                            "count": 165851,
                                                            "is_parallel": true,
                                                            "self": 18.390275300001967
                                                        },
                                                        "communicator.exchange": {
                                                            "total": 1510.8084801000011,
                                                            "count": 165851,
                                                            "is_parallel": true,
                                                            "self": 1510.8084801000011
                                                        },
                                                        "steps_from_proto": {
                                                            "total": 98.41109090002831,
                                                            "count": 165851,
                                                            "is_parallel": true,
                                                            "self": 20.348068500122466,
                                                            "children": {
                                                                "_process_vector_observation": {
                                                                    "total": 78.06302239990585,
                                                                    "count": 995106,
                                                                    "is_parallel": true,
                                                                    "self": 78.06302239990585
                                                                }
                                                            }
                                                        }
                                                    }
                                                }
                                            }
                                        }
                                    }
                                }
                            }
                        }
                    }
                },
                "TrainerController._save_models": {
                    "total": 0.8298384999998234,
                    "count": 1,
                    "self": 0.027342699999735487,
                    "children": {
                        "RLTrainer._checkpoint": {
                            "total": 0.8024958000000879,
                            "count": 1,
                            "self": 0.8024958000000879
                        }
                    }
                }
            }
        }
    }
}