{
    "name": "root",
    "gauges": {
        "Car.Policy.Entropy.mean": {
            "value": 1.5717564821243286,
            "min": 1.3960886001586914,
            "max": 1.5717564821243286,
            "count": 11
        },
        "Car.Environment.EpisodeLength.mean": {
            "value": 307.5,
            "min": 119.975,
            "max": 4628.0,
            "count": 10
        },
        "Car.Policy.ExtrinsicValueEstimate.mean": {
            "value": 19.023273468017578,
            "min": 8.880104064941406,
            "max": 37.139747619628906,
            "count": 11
        },
        "Car.Environment.CumulativeReward.mean": {
            "value": 153.5793997645378,
            "min": 42.91591120809316,
            "max": 1277.0523805618286,
            "count": 10
        },
        "Car.Policy.ExtrinsicReward.mean": {
            "value": 153.5793997645378,
            "min": 42.91591120809316,
            "max": 1277.0523805618286,
            "count": 10
        },
        "Car.Losses.ValueLoss.mean": {
            "value": 24.17763900756836,
            "min": 0.19670425355434418,
            "max": 350.14520263671875,
            "count": 11
        },
        "Car.Losses.PolicyLoss.mean": {
            "value": 0.3292011618614197,
            "min": 0.24267235398292542,
            "max": 0.3292011618614197,
            "count": 11
        },
        "Car.Policy.LearningRate.mean": {
            "value": 0.0002968490298371762,
            "min": 0.0002968490298371762,
            "max": 0.0002998375566676259,
            "count": 11
        },
        "Car.Policy.Epsilon.mean": {
            "value": 0.1989496797323227,
            "min": 0.1989496797323227,
            "max": 0.199945867061615,
            "count": 11
        },
        "Car.Policy.Beta.mean": {
            "value": 0.0004948534187860787,
            "min": 0.0004948534187860787,
            "max": 0.000499734771437943,
            "count": 11
        },
        "Car.IsTraining.mean": {
            "value": 1.0,
            "min": 1.0,
            "max": 1.0,
            "count": 11
        }
    },
    "metadata": {
        "timer_format_version": "0.1.0",
        "start_time_seconds": "1605113535",
        "python_version": "3.7.9 (tags/v3.7.9:13c94747c7, Aug 17 2020, 18:58:18) [MSC v.1900 64 bit (AMD64)]",
        "command_line_arguments": "D:\\Projekty\\Unity\\aicitysimulation\\venv\\Scripts\\mlagents-learn config\\car_config.yaml --run-id=DriveToTarget_4 --force",
        "mlagents_version": "0.21.1",
        "mlagents_envs_version": "0.21.1",
        "communication_protocol_version": "1.2.0",
        "tensorflow_version": "2.3.1",
        "numpy_version": "1.18.5",
        "end_time_seconds": "1605113991"
    },
    "total": 456.3494352,
    "count": 1,
    "self": 0.010203799999999319,
    "children": {
        "run_training.setup": {
            "total": 0.02492990000000006,
            "count": 1,
            "self": 0.02492990000000006
        },
        "TrainerController.start_learning": {
            "total": 456.3143015,
            "count": 1,
            "self": 0.7292602000007946,
            "children": {
                "TrainerController._reset_env": {
                    "total": 39.7701384,
                    "count": 1,
                    "self": 39.7701384
                },
                "TrainerController.advance": {
                    "total": 415.2305115999992,
                    "count": 14292,
                    "self": 0.38155549999720506,
                    "children": {
                        "env_step": {
                            "total": 414.848956100002,
                            "count": 14292,
                            "self": 371.57736340000275,
                            "children": {
                                "SubprocessEnvManager._take_step": {
                                    "total": 42.912127099999616,
                                    "count": 14292,
                                    "self": 0.8193874000039898,
                                    "children": {
                                        "TFPolicy.evaluate": {
                                            "total": 42.092739699995626,
                                            "count": 14064,
                                            "self": 42.092739699995626
                                        }
                                    }
                                },
                                "workers": {
                                    "total": 0.35946559999963057,
                                    "count": 14291,
                                    "self": 0.0,
                                    "children": {
                                        "worker_root": {
                                            "total": 419.1246000999974,
                                            "count": 14291,
                                            "is_parallel": true,
                                            "self": 81.21238059999564,
                                            "children": {
                                                "steps_from_proto": {
                                                    "total": 0.0025734000000028345,
                                                    "count": 1,
                                                    "is_parallel": true,
                                                    "self": 0.0004805999999817345,
                                                    "children": {
                                                        "_process_vector_observation": {
                                                            "total": 0.0020928000000211,
                                                            "count": 8,
                                                            "is_parallel": true,
                                                            "self": 0.0020928000000211
                                                        }
                                                    }
                                                },
                                                "UnityEnvironment.step": {
                                                    "total": 337.90964610000174,
                                                    "count": 14291,
                                                    "is_parallel": true,
                                                    "self": 4.561911399995836,
                                                    "children": {
                                                        "UnityEnvironment._generate_step_input": {
                                                            "total": 3.5900254000018847,
                                                            "count": 14291,
                                                            "is_parallel": true,
                                                            "self": 3.5900254000018847
                                                        },
                                                        "communicator.exchange": {
                                                            "total": 311.26348090000226,
                                                            "count": 14291,
                                                            "is_parallel": true,
                                                            "self": 311.26348090000226
                                                        },
                                                        "steps_from_proto": {
                                                            "total": 18.494228400001752,
                                                            "count": 14291,
                                                            "is_parallel": true,
                                                            "self": 3.940659500007783,